Surface,Reaction,d_NN(top),d_NN(2nd),d_NN(bulk),EN(top),EN(2nd),Facet,ID,CO_or_CC,Eads(CH3CH2OH),N_H,Initial,Final,Er,Ea,E_TS,has_TS
Pt(111),*CH3CH2O → *CH3 + *CH2O,277,277,277,2.28,2.28,1,1,1,-0.37732,5,0.5771,0.3991,-0.178,2.2138,2.7909,1
Pt(111),*CH3CHO → *CH3 + *CHO,277,277,277,2.28,2.28,1,2,1,-0.37732,4,0.6068,0.5283,-0.0784,1.3971,2.0038,1
Pt(111),*CH2CH2O → *CH2 + *CH2O,277,277,277,2.28,2.28,1,3,1,-0.37732,4,0.9086,1.0147,0.1061,1.6521,2.5607,1
Pt(111),*CH3CO → *CH3 + *CO,277,277,277,2.28,2.28,1,4,1,-0.37732,3,0.2367,-0.0195,-0.2562,1.7873,2.024,1
Pt(111),*CH2CHO → *CH2 + *CHO,277,277,277,2.28,2.28,1,5,1,-0.37732,3,0.9065,0.8928,-0.0137,1.3868,2.2932,1
Pt(111),*CHCH2O → *CH + *CH2O,277,277,277,2.28,2.28,1,6,1,-0.37732,3,1.4296,1.3776,-0.052,1.5749,3.0045,1
Pt(111),*CH2CO → *CH2 + *CO,277,277,277,2.28,2.28,1,7,1,-0.37732,2,0.7565,0.5358,-0.2206,1.064,1.8205,1
Pt(111),*CH3CH2O → *CH3CH2 + *O,277,277,277,2.28,2.28,1,8,2,-0.37732,5,0.5771,0.4793,-0.0978,1.6864,2.2635,1
Pt(111),*CH3CHO → *CH3CH + *O,277,277,277,2.28,2.28,1,9,2,-0.37732,4,0.6068,1.0438,0.437,1.5641,2.1708,1
Pt(111),*CH2CH2O → *CH2CH2 + *O,277,277,277,2.28,2.28,1,10,2,-0.37732,4,0.9086,1.0343,0.1257,1.0563,1.9649,1
Pt(111),*CH3CO → *CH3C + *O,277,277,277,2.28,2.28,1,11,2,-0.37732,3,0.2367,0.8748,0.6381,2.1519,2.3886,1
Pt(111),*CH2CHO → *CH2CH + *O,277,277,277,2.28,2.28,1,12,2,-0.37732,3,0.9065,1.4083,0.5018,1.6972,2.6037,1
Pt(111),*CHCH2O → *CHCH2 + *O,277,277,277,2.28,2.28,1,13,2,-0.37732,3,1.4296,1.748,0.3184,1.4616,2.8911,1
Pt(111),*CH2CO → *CH2C + *O,277,277,277,2.28,2.28,1,14,2,-0.37732,2,0.7565,1.7179,0.9614,2.2835,3.04,1
Pt-Ni-Pt(111),*CH3CH2O → *CH3 + *CH2O,277,249,277,2.28,1.91,1,1,1,-0.28966,5,0.7582,1.0225,0.2643,100,100,0
Pt-Ni-Pt(111),*CH3CHO → *CH3 + *CHO,277,249,277,2.28,1.91,1,2,1,-0.28966,4,0.7379,0.9186,0.1807,100,100,0
Pt-Ni-Pt(111),*CH2CH2O → *CH2 + *CH2O,277,249,277,2.28,1.91,1,3,1,-0.28966,4,1.3418,1.9078,0.566,100,100,0
Pt-Ni-Pt(111),*CH3CO → *CH3 + *CO,277,249,277,2.28,1.91,1,4,1,-0.28966,3,0.6273,0.5693,-0.058,1.558,2.1853,1
Pt-Ni-Pt(111),*CH2CHO → *CH2 + *CHO,277,249,277,2.28,1.91,1,5,1,-0.28966,3,1.2521,1.6868,0.4347,1.796,3.0481,1
Pt-Ni-Pt(111),*CHCH2O → *CH + *CH2O,277,249,277,2.28,1.91,1,6,1,-0.28966,3,2.058,2.0611,0.0031,1.478,3.536,1
Pt-Ni-Pt(111),*CH2CO → *CH2 + *CO,277,249,277,2.28,1.91,1,7,1,-0.28966,2,1.3187,1.3508,0.0321,100,100,0
Pt-Ni-Pt(111),*CH3CH2O → *CH3CH2 + *O,277,249,277,2.28,1.91,1,8,2,-0.28966,5,0.7582,0.1434,-0.6148,1.8873,2.6455,1
Pt-Ni-Pt(111),*CH3CHO → *CH3CH + *O,277,249,277,2.28,1.91,1,9,2,-0.28966,4,0.7379,1.8388,1.101,100,100,0
Pt-Ni-Pt(111),*CH3CO → *CH3C + *O,277,249,277,2.28,1.91,1,11,2,-0.28966,3,0.6273,1.8668,1.2395,2.4405,3.0678,1
Pt-Ni-Pt(111),*CH2CHO → *CH2CH + *O,277,249,277,2.28,1.91,1,12,2,-0.28966,3,1.2521,2.4435,1.1914,2.731,3.9831,1
Pt-Ni-Pt(111),*CH2CO → *CH2C + *O,277,249,277,2.28,1.91,1,14,2,-0.28966,2,1.3187,2.7178,1.3991,2.908,4.2267,1
Ni-Pt-Pt(111),*CH3CH2O → *CH3 + *CH2O,249,277,277,1.91,2.28,1,1,1,-0.73068,5,-1.0896,-0.8784,0.2113,100,100,0
Ni-Pt-Pt(111),*CH3CHO → *CH3 + *CHO,249,277,277,1.91,2.28,1,2,1,-0.73068,4,-0.5303,-0.9524,-0.4221,0.954,0.4237,1
Ni-Pt-Pt(111),*CH2CH2O → *CH2 + *CH2O,249,277,277,1.91,2.28,1,3,1,-0.73068,4,-1.3246,-0.5288,0.7958,100,100,0
Ni-Pt-Pt(111),*CH3CO → *CH3 + *CO,249,277,277,1.91,2.28,1,4,1,-0.73068,3,-0.2382,-0.8449,-0.6067,1.0554,0.8172,1
Ni-Pt-Pt(111),*CH2CHO → *CH2 + *CHO,249,277,277,1.91,2.28,1,5,1,-0.73068,3,-0.1366,-0.1891,-0.0525,0.925,0.7884,1
Ni-Pt-Pt(111),*CHCH2O → *CH + *CH2O,249,277,277,1.91,2.28,1,6,1,-0.73068,3,0.2829,-0.3591,-0.6419,0.1792,0.4621,1
Ni-Pt-Pt(111),*CH2CO → *CH2 + *CO,249,277,277,1.91,2.28,1,7,1,-0.73068,2,0.5864,-0.3131,-0.8994,0.509,1.0954,1
Ni-Pt-Pt(111),*CH3CH2O → *CH3CH2 + *O,249,277,277,1.91,2.28,1,8,2,-0.73068,5,-1.0896,-1.662,-0.5723,100,100,0
Ni-Pt-Pt(111),*CH3CHO → *CH3CH + *O,249,277,277,1.91,2.28,1,9,2,-0.73068,4,-0.5303,-0.9558,-0.4255,1.1268,0.5965,1
Ni-Pt-Pt(111),*CH3CO → *CH3C + *O,249,277,277,1.91,2.28,1,11,2,-0.73068,3,-0.2382,-1.2013,-0.9631,0.6334,0.3952,1
Ni-Pt-Pt(111),*CH2CHO → *CH2CH + *O,249,277,277,1.91,2.28,1,12,2,-0.73068,3,-0.1366,-0.9578,-0.8212,0.952,0.8154,1
Ni-Pt-Pt(111),*CH2CO → *CH2C + *O,249,277,277,1.91,2.28,1,14,2,-0.73068,2,0.5864,-0.7332,-1.3196,0.4457,1.0321,1
Cu-Pt-Pt(111),*CH3CH2O → *CH3 + *CH2O,256,277,277,1.9,2.28,1,1,1,-0.4957,5,-0.6443,0.7082,1.3525,100,100,0
Cu-Pt-Pt(111),*CH3CHO → *CH3 + *CHO,256,277,277,1.9,2.28,1,2,1,-0.4957,4,0.5202,1.0561,0.5359,100,100,0
Cu-Pt-Pt(111),*CH2CH2O → *CH2 + *CH2O,256,277,277,1.9,2.28,1,3,1,-0.4957,4,0.881,1.7643,0.8833,100,100,0
Cu-Pt-Pt(111),*CH3CO → *CH3 + *CO,256,277,277,1.9,2.28,1,4,1,-0.4957,3,0.7059,2.3669,1.661,1.661,2.3669,1
Cu-Pt-Pt(111),*CH2CHO → *CH2 + *CHO,256,277,277,1.9,2.28,1,5,1,-0.4957,3,0.5158,2.403,1.8872,1.8872,2.403,1
Cu-Pt-Pt(111),*CHCH2O → *CH + *CH2O,256,277,277,1.9,2.28,1,6,1,-0.4957,3,2.0088,2.7528,0.744,0.744,2.7528,1
Cu-Pt-Pt(111),*CH2CO → *CH2 + *CO,256,277,277,1.9,2.28,1,7,1,-0.4957,2,1.4318,2.9658,1.534,1.534,2.9658,1
Cu-Pt-Pt(111),*CH3CH2O → *CH3CH2 + *O,256,277,277,1.9,2.28,1,8,2,-0.4957,5,-0.6443,1.6318,2.2761,2.276,1.6317,1
Cu-Pt-Pt(111),*CH3CHO → *CH3CH + *O,256,277,277,1.9,2.28,1,9,2,-0.4957,4,0.5202,2.1252,1.605,1.605,2.1252,1
Cu-Pt-Pt(111),*CH3CO → *CH3C + *O,256,277,277,1.9,2.28,1,11,2,-0.4957,3,0.7059,2.4719,1.766,1.766,2.4719,1
Cu-Pt-Pt(111),*CH2CHO → *CH2CH + *O,256,277,277,1.9,2.28,1,12,2,-0.4957,3,0.5158,3.8498,3.334,3.334,3.8498,1
Cu-Pt-Pt(111),*CH2CO → *CH2C + *O,256,277,277,1.9,2.28,1,14,2,-0.4957,2,1.4318,2.9568,1.525,1.525,2.9568,1
Pt-Cu-Pt(111),*CH3CH2O → *CH3 + *CH2O,277,256,277,2.28,1.9,1,1,1,-0.24323,5,0.874,0.9975,0.1235,100,100,0
Pt-Cu-Pt(111),*CH3CHO → *CH3 + *CHO,277,256,277,2.28,1.9,1,2,1,-0.24323,4,0.7975,0.7737,-0.0238,100,100,0
Pt-Cu-Pt(111),*CH2CH2O → *CH2 + *CH2O,277,256,277,2.28,1.9,1,3,1,-0.24323,4,1.4395,2.9425,1.503,1.503,2.9425,1
Pt-Cu-Pt(111),*CH3CO → *CH3 + *CO,277,256,277,2.28,1.9,1,4,1,-0.24323,3,0.5163,2.1663,1.65,1.65,2.1663,1
Pt-Cu-Pt(111),*CH2CHO → *CH2 + *CHO,277,256,277,2.28,1.9,1,5,1,-0.24323,3,1.3624,1.3609,-0.0015,100,100,0
Pt-Cu-Pt(111),*CHCH2O → *CH + *CH2O,277,256,277,2.28,1.9,1,6,1,-0.24323,3,1.9382,1.5766,-0.3616,100,100,0
Pt-Cu-Pt(111),*CH2CO → *CH2 + *CO,277,256,277,2.28,1.9,1,7,1,-0.24323,2,1.0929,1.2619,0.169,1.221,2.3139,1
Pt-Cu-Pt(111),*CH3CH2O → *CH3CH2 + *O,277,256,277,2.28,1.9,1,8,2,-0.24323,5,0.874,0.8833,0.0093,100,100,0
Pt-Cu-Pt(111),*CH3CHO → *CH3CH + *O,277,256,277,2.28,1.9,1,9,2,-0.24323,4,0.7975,1.6066,0.8091,100,100,0
Pt-Cu-Pt(111),*CH3CO → *CH3C + *O,277,256,277,2.28,1.9,1,11,2,-0.24323,3,0.5163,2.8053,2.289,2.289,2.8053,1
Pt-Cu-Pt(111),*CH2CHO → *CH2CH + *O,277,256,277,2.28,1.9,1,12,2,-0.24323,3,1.3624,2.2673,0.9049,2.58,3.9424,1
Pt-Cu-Pt(111),*CH2CO → *CH2C + *O,277,256,277,2.28,1.9,1,14,2,-0.24323,2,1.0929,2.5397,1.4468,3.076,4.1689,1
Pd1Au2(111),*CH3CH2O → *CH3CH2 + *O,284,284,284,2.43,2.43,1,8,2,-0.62,5,1.29,2.62,1.33,2.02,3.31,1
Pd1Au2(111),*CH3CH2O → *CH3 + *CH2O,284,284,284,2.43,2.43,1,1,1,-0.62,5,1.29,2.17,0.88,2.01,3.3,1
Pd1Au2(111),*CH3CHO → *CH3CH + *O,284,284,284,2.43,2.43,1,9,2,-0.62,4,1.07,3.73,2.66,3.26,4.33,1
Pd1Au2(111),*CH3CHO → *CH3 + *CHO,284,284,284,2.43,2.43,1,2,1,-0.62,4,1.06,2.21,1.15,2.39,3.45,1
Pd1Au2(111),*CH2CH2O → *CH2CH2 + *O,284,284,284,2.43,2.43,1,10,2,-0.62,4,2.43,3.27,0.84,1.57,4,1
Pd1Au2(111),*CH2CH2O → *CH2 + *CH2O,284,284,284,2.43,2.43,1,3,1,-0.62,4,2.43,3.37,0.94,1.66,4.09,1
Pd1Au2(111),*CH3CO → *CH3C + *O,284,284,284,2.43,2.43,1,11,2,-0.62,3,1.25,3.91,2.66,3.37,4.62,1
Pd1Au2(111),*CH3CO → *CH3 + *CO,284,284,284,2.43,2.43,1,4,1,-0.62,3,1.25,2.05,0.8,1.67,2.92,1
Pd1Au2(111),*CH2CHO → *CH2CH + *O,284,284,284,2.43,2.43,1,12,2,-0.62,3,2.47,4.22,1.75,2.1,4.57,1
Pd1Au2(111),*CH2CHO → *CH2 + *CHO,284,284,284,2.43,2.43,1,5,1,-0.62,3,2.46,3.42,0.96,1.82,4.28,1
Pd1Au2(111),*CHCH2O → *CHCH2 + *O,284,284,284,2.43,2.43,1,13,2,-0.62,3,3.39,4.69,1.3,2.02,5.41,1
Pd1Au2(111),*CHCH2O → *CH + *CH2O,284,284,284,2.43,2.43,1,6,1,-0.62,3,3.39,3.69,0.3,1.09,4.48,1
Pd1Au2(111),*CH2CO → *CH2C + *O,284,284,284,2.43,2.43,1,14,2,-0.62,2,2.4,4.83,2.43,2.98,5.38,1
Pd1Au2(111),*CH2CO → *CH2 + *CO,284,284,284,2.43,2.43,1,7,1,-0.62,2,2.4,3.2,0.8,1.54,3.94,1
Pd2Au1(111),*CH3CH2O → *CH3CH2 + *O,279,279,279,2.31,2.31,1,8,2,-0.83,5,0.96,1.93,0.97,1.59,2.55,1
Pd2Au1(111),*CH3CH2O → *CH3 + *CH2O,279,279,279,2.31,2.31,1,1,1,-0.83,5,0.96,1.45,0.49,1.68,2.64,1
Pd2Au1(111),*CH3CHO → *CH3CH + *O,279,279,279,2.31,2.31,1,9,2,-0.83,4,0.9,2.65,1.75,2.36,3.26,1
Pd2Au1(111),*CH3CHO → *CH3 + *CHO,279,279,279,2.31,2.31,1,2,1,-0.83,4,0.9,1.56,0.66,1.77,2.67,1
Pd2Au1(111),*CH2CH2O → *CH2CH2 + *O,279,279,279,2.31,2.31,1,10,2,-0.83,4,1.87,2.05,0.18,0.97,2.84,1
Pd2Au1(111),*CH2CH2O → *CH2 + *CH2O,279,279,279,2.31,2.31,1,3,1,-0.83,4,1.87,2.76,0.89,1.64,3.51,1
Pd2Au1(111),*CH3CO → *CH3C + *O,279,279,279,2.31,2.31,1,11,2,-0.83,3,0.89,2.61,1.72,2.4,3.29,1
Pd2Au1(111),*CH3CO → *CH3 + *CO,279,279,279,2.31,2.31,1,4,1,-0.83,3,0.89,0.87,-0.02,0.84,1.73,1
Pd2Au1(111),*CH2CHO → *CH2CH + *O,279,279,279,2.31,2.31,1,12,2,-0.83,3,1.43,3.12,1.69,2.47,3.9,1
Pd2Au1(111),*CH2CHO → *CH2 + *CHO,279,279,279,2.31,2.31,1,5,1,-0.83,3,1.42,2.37,0.95,1.8,3.22,1
Pd2Au1(111),*CHCH2O → *CHCH2 + *O,279,279,279,2.31,2.31,1,13,2,-0.83,3,2.59,3.32,0.73,1.76,4.35,1
Pd2Au1(111),*CHCH2O → *CH + *CH2O,279,279,279,2.31,2.31,1,6,1,-0.83,3,2.59,2.47,-0.12,0.99,3.58,1
Pd2Au1(111),*CH2CO → *CH2C + *O,279,279,279,2.31,2.31,1,14,2,-0.83,2,1.64,3.35,1.71,2.8,4.44,1
Pd2Au1(111),*CH2CO → *CH2 + *CO,279,279,279,2.31,2.31,1,7,1,-0.83,2,1.64,2.01,0.37,0.99,2.63,1
Pd(111),*CH3CH2O → *CH3CH2 + *O,275,275,275,2.2,2.2,1,8,2,-0.73,5,0.65,1.04,0.39,1.28,1.93,1
Pd(111),*CH3CH2O → *CH3 + *CH2O,275,275,275,2.2,2.2,1,1,1,-0.73,5,0.65,1.56,0.91,1.93,2.58,1
Pd(111),*CH3CHO → *CH3CH + *O,275,275,275,2.2,2.2,1,9,2,-0.73,4,1.09,1.63,0.54,1.43,2.52,1
Pd(111),*CH3CHO → *CH3 + *CHO,275,275,275,2.2,2.2,1,2,1,-0.73,4,1.08,1.34,0.26,1.52,2.6,1
Pd(111),*CH2CH2O → *CH2CH2 + *O,275,275,275,2.2,2.2,1,10,2,-0.73,4,1.64,1.74,0.1,0.49,2.13,1
Pd(111),*CH2CH2O → *CH2 + *CH2O,275,275,275,2.2,2.2,1,3,1,-0.73,4,1.64,1.72,0.08,0.71,2.35,1
Pd(111),*CH3CO → *CH3C + *O,275,275,275,2.2,2.2,1,11,2,-0.73,3,0.96,1.34,0.38,1.45,2.41,1
Pd(111),*CH3CO → *CH3 + *CO,275,275,275,2.2,2.2,1,4,1,-0.73,3,0.96,0.3,-0.66,0.5,1.46,1
Pd(111),*CH2CHO → *CH2CH + *O,275,275,275,2.2,2.2,1,12,2,-0.73,3,1.44,1.98,0.54,1.67,3.11,1
Pd(111),*CH2CHO → *CH2 + *CHO,275,275,275,2.2,2.2,1,5,1,-0.73,3,1.43,2.05,0.62,1.63,3.06,1
Pd(111),*CHCH2O → *CHCH2 + *O,275,275,275,2.2,2.2,1,13,2,-0.73,3,2.18,2.18,0,1.06,3.24,1
Pd(111),*CHCH2O → *CH + *CH2O,275,275,275,2.2,2.2,1,6,1,-0.73,3,2.19,1.84,-0.35,0.92,3.11,1
Pd(111),*CH2CO → *CH2C + *O,275,275,275,2.2,2.2,1,14,2,-0.73,2,1.58,2.37,0.79,1.77,3.35,1
Pd(111),*CH2CO → *CH2 + *CO,275,275,275,2.2,2.2,1,7,1,-0.73,2,1.58,1,-0.58,0.52,2.1,1
Ti-Pt-Pt(111),*CH3CH2O → *CH3 + *CH2O,289,277,277,1.54,2.28,1,1,1,-1.1991,5,-2.8123,-3.6918,-0.8795,100,100,0
Ti-Pt-Pt(111),*CH3CHO → *CH3 + *CHO,289,277,277,1.54,2.28,1,2,1,-1.1991,4,-2.5284,-3.8608,-1.3324,100,100,0
Ti-Pt-Pt(111),*CH2CH2O → *CH2 + *CH2O,289,277,277,1.54,2.28,1,3,1,-1.1991,4,-3.9813,-3.7092,0.2721,100,100,0
Ti-Pt-Pt(111),*CH3CO → *CH3 + *CO,289,277,277,1.54,2.28,1,4,1,-1.1991,3,-2.7208,-3.1789,-0.4581,100,100,0
Ti-Pt-Pt(111),*CH2CHO → *CH2 + *CHO,289,277,277,1.54,2.28,1,5,1,-1.1991,3,-1.8716,-3.7684,-1.8968,100,100,0
Ti-Pt-Pt(111),*CHCH2O → *CH + *CH2O,289,277,277,1.54,2.28,1,6,1,-1.1991,3,-2.5524,-2.9329,-0.3805,100,100,0
Ti-Pt-Pt(111),*CH2CO → *CH2 + *CO,289,277,277,1.54,2.28,1,7,1,-1.1991,2,-2.974,-2.8372,0.1368,100,100,0
Ti-Pt-Pt(111),*CH3CH2O → *CH3CH2 + *O,289,277,277,1.54,2.28,1,8,2,-1.1991,5,-2.8123,-5.6125,-2.8002,100,100,0
Ti-Pt-Pt(111),*CH3CHO → *CH3CH + *O,289,277,277,1.54,2.28,1,9,2,-1.1991,4,-2.5284,-5.4448,-2.9164,100,100,0
Ti-Pt-Pt(111),*CH3CO → *CH3C + *O,289,277,277,1.54,2.28,1,11,2,-1.1991,3,-2.7208,-4.7321,-2.0113,100,100,0
Ti-Pt-Pt(111),*CH2CHO → *CH2CH + *O,289,277,277,1.54,2.28,1,12,2,-1.1991,3,-1.8716,-6.0949,-4.2233,100,100,0
Ti-Pt-Pt(111),*CH2CO → *CH2C + *O,289,277,277,1.54,2.28,1,14,2,-1.1991,2,-2.974,-5.5212,-2.5472,100,100,0
Pt-Ti-Pt(111),*CH3CH2O → *CH3 + *CH2O,277,289,277,2.28,1.54,1,1,1,-0.212,5,0.92,1.911,0.991,100,100,0
Pt-Ti-Pt(111),*CH3CHO → *CH3 + *CHO,277,289,277,2.28,1.54,1,2,1,-0.212,4,0.8007,2.4102,1.6095,100,100,0
Pt-Ti-Pt(111),*CH2CH2O → *CH2 + *CH2O,277,289,277,2.28,1.54,1,3,1,-0.212,4,2.1592,3.227,1.0678,100,100,0
Pt-Ti-Pt(111),*CH3CO → *CH3 + *CO,277,289,277,2.28,1.54,1,4,1,-0.212,3,1.4545,1.9402,0.4857,100,100,0
Pt-Ti-Pt(111),*CH2CHO → *CH2 + *CHO,277,289,277,2.28,1.54,1,5,1,-0.212,3,1.6617,3.6988,2.0371,100,100,0
Pt-Ti-Pt(111),*CHCH2O → *CH + *CH2O,277,289,277,2.28,1.54,1,6,1,-0.212,3,3.3964,3.5041,0.1077,100,100,0
Pt-Ti-Pt(111),*CH2CO → *CH2 + *CO,277,289,277,2.28,1.54,1,7,1,-0.212,2,2.7085,3.3238,0.6153,100,100,0
Pt-Ti-Pt(111),*CH3CH2O → *CH3CH2 + *O,277,289,277,2.28,1.54,1,8,2,-0.212,5,0.92,2.6463,1.7263,100,100,0
Pt-Ti-Pt(111),*CH3CHO → *CH3CH + *O,277,289,277,2.28,1.54,1,9,2,-0.212,4,0.8007,3.8168,3.0161,100,100,0
Pt-Ti-Pt(111),*CH3CO → *CH3C + *O,277,289,277,2.28,1.54,1,11,2,-0.212,3,1.4545,4.1604,2.7059,100,100,0
Pt-Ti-Pt(111),*CH2CHO → *CH2CH + *O,277,289,277,2.28,1.54,1,12,2,-0.212,3,1.6617,4.2196,2.5579,100,100,0
Pt-Ti-Pt(111),*CH2CO → *CH2C + *O,277,289,277,2.28,1.54,1,14,2,-0.212,2,2.7085,4.8708,2.1623,100,100,0
Fe-Pt-Pt(111),*CH3CH2O → *CH3 + *CH2O,248,277,277,1.83,2.28,1,1,1,-0.7819,5,-0.93553,-1.26597,-0.33044,100,100,0
Fe-Pt-Pt(111),*CH3CHO → *CH3 + *CHO,248,277,277,1.83,2.28,1,2,1,-0.7819,4,-0.64928,-1.16182,-0.51254,100,100,0
Fe-Pt-Pt(111),*CH2CH2O → *CH2 + *CH2O,248,277,277,1.83,2.28,1,3,1,-0.7819,4,-1.50982,-0.74529,0.76453,100,100,0
Fe-Pt-Pt(111),*CH3CO → *CH3 + *CO,248,277,277,1.83,2.28,1,4,1,-0.7819,3,-0.5073,-0.94821,-0.44091,100,100,0
Fe-Pt-Pt(111),*CH2CHO → *CH2 + *CHO,248,277,277,1.83,2.28,1,5,1,-0.7819,3,-0.43552,-0.74115,-0.30563,100,100,0
Fe-Pt-Pt(111),*CHCH2O → *CH + *CH2O,248,277,277,1.83,2.28,1,6,1,-0.7819,3,-0.24632,-0.52288,-0.27656,100,100,0
Fe-Pt-Pt(111),*CH2CO → *CH2 + *CO,248,277,277,1.83,2.28,1,7,1,-0.7819,2,-0.89555,-0.31305,0.5825,100,100,0
Fe-Pt-Pt(111),*CH3CH2O → *CH3CH2 + *O,248,277,277,1.83,2.28,1,8,2,-0.7819,5,-0.93553,-2.3996,-1.46407,100,100,0
Fe-Pt-Pt(111),*CH3CHO → *CH3CH + *O,248,277,277,1.83,2.28,1,9,2,-0.7819,4,-0.64928,-1.54262,-0.89334,100,100,0
Fe-Pt-Pt(111),*CH3CO → *CH3C + *O,248,277,277,1.83,2.28,1,11,2,-0.7819,3,-0.5073,-1.90667,-1.39937,100,100,0
Fe-Pt-Pt(111),*CH2CHO → *CH2CH + *O,248,277,277,1.83,2.28,1,12,2,-0.7819,3,-0.43552,-1.85626,-1.42074,100,100,0
Fe-Pt-Pt(111),*CH2CO → *CH2C + *O,248,277,277,1.83,2.28,1,14,2,-0.7819,2,-0.89555,-1.4029,-0.50735,100,100,0
Pt-Fe-Pt(111),*CH3CH2O → *CH3 + *CH2O,277,248,277,2.28,1.83,1,1,1,-0.3644,5,0.50267,0.86684,0.36417,100,100,0
Pt-Fe-Pt(111),*CH3CHO → *CH3 + *CHO,277,248,277,2.28,1.83,1,2,1,-0.3644,4,0.65431,0.89155,0.23724,100,100,0
Pt-Fe-Pt(111),*CH2CH2O → *CH2 + *CH2O,277,248,277,2.28,1.83,1,3,1,-0.3644,4,1.18287,1.91567,0.7328,100,100,0
Pt-Fe-Pt(111),*CH3CO → *CH3 + *CO,277,248,277,2.28,1.83,1,4,1,-0.3644,3,0.60096,0.53581,-0.06515,100,100,0
Pt-Fe-Pt(111),*CH2CHO → *CH2 + *CHO,277,248,277,2.28,1.83,1,5,1,-0.3644,3,1.09071,1.74763,0.65692,100,100,0
Pt-Fe-Pt(111),*CHCH2O → *CH + *CH2O,277,248,277,2.28,1.83,1,6,1,-0.3644,3,2.18221,2.21587,0.03366,100,100,0
Pt-Fe-Pt(111),*CH2CO → *CH2 + *CO,277,248,277,2.28,1.83,1,7,1,-0.3644,2,1.41144,1.36492,-0.04652,100,100,0
Pt-Fe-Pt(111),*CH3CH2O → *CH3CH2 + *O,277,248,277,2.28,1.83,1,8,2,-0.3644,5,0.50267,1.1008,0.59813,100,100,0
Pt-Fe-Pt(111),*CH3CHO → *CH3CH + *O,277,248,277,2.28,1.83,1,9,2,-0.3644,4,0.65431,1.93585,1.28154,100,100,0
Pt-Fe-Pt(111),*CH3CO → *CH3C + *O,277,248,277,2.28,1.83,1,11,2,-0.3644,3,0.60096,2.27021,1.66925,100,100,0
Pt-Fe-Pt(111),*CH2CHO → *CH2CH + *O,277,248,277,2.28,1.83,1,12,2,-0.3644,3,1.09071,2.71669,1.62598,100,100,0
Pt-Fe-Pt(111),*CH2CO → *CH2C + *O,277,248,277,2.28,1.83,1,14,2,-0.3644,2,1.41144,2.93622,1.52478,100,100,0
Sc-Pt-Pt(111),*CH3CH2O → *CH3 + *CH2O,325,277,277,1.36,2.28,1,1,1,-5.0734,5,-2.6199,-3.2262,-0.6063,100,100,0
Sc-Pt-Pt(111),*CH3CHO → *CH3 + *CHO,325,277,277,1.36,2.28,1,2,1,-5.0734,4,-2.326,-3.05,-0.724,100,100,0
Sc-Pt-Pt(111),*CH2CH2O → *CH2 + *CH2O,325,277,277,1.36,2.28,1,3,1,-5.0734,4,-3.5535,-3.1753,0.3782,100,100,0
Sc-Pt-Pt(111),*CH3CO → *CH3 + *CO,325,277,277,1.36,2.28,1,4,1,-5.0734,3,-2.2535,-1.4701,0.7834,100,100,0
Sc-Pt-Pt(111),*CH2CHO → *CH2 + *CHO,325,277,277,1.36,2.28,1,5,1,-5.0734,3,-2.4038,-2.8534,-0.4496,100,100,0
Sc-Pt-Pt(111),*CHCH2O → *CH + *CH2O,325,277,277,1.36,2.28,1,6,1,-5.0734,3,-2.4272,-9.7992,-7.372,100,100,0
Sc-Pt-Pt(111),*CH2CO → *CH2 + *CO,325,277,277,1.36,2.28,1,7,1,-5.0734,2,-10.6523,-13.2367,-2.5844,100,100,0
Sc-Pt-Pt(111),*CH3CH2O → *CH3CH2 + *O,325,277,277,1.36,2.28,1,8,2,-5.0734,5,-2.6199,-4.7355,-2.1156,100,100,0
Sc-Pt-Pt(111),*CH3CHO → *CH3CH + *O,325,277,277,1.36,2.28,1,9,2,-5.0734,4,-2.326,-4.5833,-2.2573,100,100,0
Sc-Pt-Pt(111),*CH3CO → *CH3C + *O,325,277,277,1.36,2.28,1,11,2,-5.0734,3,-2.2535,-8.5401,-6.2866,100,100,0
Sc-Pt-Pt(111),*CH2CHO → *CH2CH + *O,325,277,277,1.36,2.28,1,12,2,-5.0734,3,-2.4038,-4.4756,-2.0718,100,100,0
Sc-Pt-Pt(111),*CH2CO → *CH2C + *O,325,277,277,1.36,2.28,1,14,2,-5.0734,2,-10.6523,-8.749,1.9033,100,100,0
Pt-Sc-Pt(111),*CH3CH2O → *CH3 + *CH2O,277,325,277,2.28,1.36,1,1,1,-0.1934,5,1.1078,1.9552,0.8474,100,100,0
Pt-Sc-Pt(111),*CH3CHO → *CH3 + *CHO,277,325,277,2.28,1.36,1,2,1,-0.1934,4,0.8284,2.5098,1.6814,100,100,0
Pt-Sc-Pt(111),*CH2CH2O → *CH2 + *CH2O,277,325,277,2.28,1.36,1,3,1,-0.1934,4,2.3766,3.1838,0.8072,100,100,0
Pt-Sc-Pt(111),*CH3CO → *CH3 + *CO,277,325,277,2.28,1.36,1,4,1,-0.1934,3,1.4749,2.0612,0.5863,100,100,0
Pt-Sc-Pt(111),*CH2CHO → *CH2 + *CHO,277,325,277,2.28,1.36,1,5,1,-0.1934,3,1.8163,3.7102,1.8939,100,100,0
Pt-Sc-Pt(111),*CHCH2O → *CH + *CH2O,277,325,277,2.28,1.36,1,6,1,-0.1934,3,3.4573,3.2582,-0.1991,100,100,0
Pt-Sc-Pt(111),*CH2CO → *CH2 + *CO,277,325,277,2.28,1.36,1,7,1,-0.1934,2,2.6772,3.4144,0.7372,100,100,0
Pt-Sc-Pt(111),*CH3CH2O → *CH3CH2 + *O,277,325,277,2.28,1.36,1,8,2,-0.1934,5,1.1078,2.7998,1.692,100,100,0
Pt-Sc-Pt(111),*CH3CHO → *CH3CH + *O,277,325,277,2.28,1.36,1,9,2,-0.1934,4,0.8284,3.8967,3.0683,100,100,0
Pt-Sc-Pt(111),*CH3CO → *CH3C + *O,277,325,277,2.28,1.36,1,11,2,-0.1934,3,1.4749,4.1146,2.6397,100,100,0
Pt-Sc-Pt(111),*CH2CHO → *CH2CH + *O,277,325,277,2.28,1.36,1,12,2,-0.1934,3,1.8163,4.3586,2.5423,100,100,0
Pt-Sc-Pt(111),*CH2CO → *CH2C + *O,277,325,277,2.28,1.36,1,14,2,-0.1934,2,2.6772,4.9276,2.2504,100,100,0
V-Pt-Pt(111),*CH3CH2O → *CH3 + *CH2O,262,277,277,1.63,2.28,1,1,1,-1.0681,5,-2.5911,-3.6825,-1.0914,100,100,0
V-Pt-Pt(111),*CH3CHO → *CH3 + *CHO,262,277,277,1.63,2.28,1,2,1,-1.0681,4,-2.0588,-3.6203,-1.5615,100,100,0
V-Pt-Pt(111),*CH2CH2O → *CH2 + *CH2O,262,277,277,1.63,2.28,1,3,1,-1.0681,4,-3.4494,-2.9661,0.4833,100,100,0
V-Pt-Pt(111),*CH3CO → *CH3 + *CO,262,277,277,1.63,2.28,1,4,1,-1.0681,3,-2.4702,-2.5094,-0.0392,100,100,0
V-Pt-Pt(111),*CH2CHO → *CH2 + *CHO,262,277,277,1.63,2.28,1,5,1,-1.0681,3,-2.1447,-3.2339,-1.0892,100,100,0
V-Pt-Pt(111),*CHCH2O → *CH + *CH2O,262,277,277,1.63,2.28,1,6,1,-1.0681,3,-2.1823,-2.343,-0.1607,100,100,0
V-Pt-Pt(111),*CH2CO → *CH2 + *CO,262,277,277,1.63,2.28,1,7,1,-1.0681,2,-2.447,-2.1656,0.2814,100,100,0
V-Pt-Pt(111),*CH3CH2O → *CH3CH2 + *O,262,277,277,1.63,2.28,1,8,2,-1.0681,5,-2.5911,-5.2063,-2.6152,100,100,0
V-Pt-Pt(111),*CH3CHO → *CH3CH + *O,262,277,277,1.63,2.28,1,9,2,-1.0681,4,-2.0588,-4.8873,-2.8285,100,100,0
V-Pt-Pt(111),*CH3CO → *CH3C + *O,262,277,277,1.63,2.28,1,11,2,-1.0681,3,-2.4702,-4.0289,-1.5587,100,100,0
V-Pt-Pt(111),*CH2CHO → *CH2CH + *O,262,277,277,1.63,2.28,1,12,2,-1.0681,3,-2.1447,-4.8215,-2.6768,100,100,0
V-Pt-Pt(111),*CH2CO → *CH2C + *O,262,277,277,1.63,2.28,1,14,2,-1.0681,2,-2.447,-3.6937,-1.2467,100,100,0
Pt-V-Pt(111),*CH3CH2O → *CH3 + *CH2O,277,262,277,2.28,1.63,1,1,1,-0.272,5,0.6905,1.5596,0.8691,100,100,0
Pt-V-Pt(111),*CH3CHO → *CH3 + *CHO,277,262,277,2.28,1.63,1,2,1,-0.272,4,0.7512,1.8056,1.0544,100,100,0
Pt-V-Pt(111),*CH2CH2O → *CH2 + *CH2O,277,262,277,2.28,1.63,1,3,1,-0.272,4,1.6565,2.8177,1.1612,100,100,0
Pt-V-Pt(111),*CH3CO → *CH3 + *CO,277,262,277,2.28,1.63,1,4,1,-0.272,3,1.103,1.4498,0.3468,100,100,0
Pt-V-Pt(111),*CH2CHO → *CH2 + *CHO,277,262,277,2.28,1.63,1,5,1,-0.272,3,1.3721,3.0779,1.7058,100,100,0
Pt-V-Pt(111),*CHCH2O → *CH + *CH2O,277,262,277,2.28,1.63,1,6,1,-0.272,3,2.8488,3.2371,0.3883,100,100,0
Pt-V-Pt(111),*CH2CO → *CH2 + *CO,277,262,277,2.28,1.63,1,7,1,-0.272,2,2.2195,2.6567,0.4372,100,100,0
Pt-V-Pt(111),*CH3CH2O → *CH3CH2 + *O,277,262,277,2.28,1.63,1,8,2,-0.272,5,0.6905,2.0085,1.318,100,100,0
Pt-V-Pt(111),*CH3CHO → *CH3CH + *O,277,262,277,2.28,1.63,1,9,2,-0.272,4,0.7512,3.1995,2.4483,100,100,0
Pt-V-Pt(111),*CH3CO → *CH3C + *O,277,262,277,2.28,1.63,1,11,2,-0.272,3,1.103,3.7505,2.6475,100,100,0
Pt-V-Pt(111),*CH2CHO → *CH2CH + *O,277,262,277,2.28,1.63,1,12,2,-0.272,3,1.3721,3.598,2.2259,100,100,0
Pt-V-Pt(111),*CH2CO → *CH2C + *O,277,262,277,2.28,1.63,1,14,2,-0.272,2,2.2195,4.3647,2.1452,100,100,0
Cr-Pt-Pt(111),*CH3CH2O → *CH3 + *CH2O,250,277,277,1.66,2.28,1,1,1,-2.095,5,-2.9473,-3.2849,-0.3376,100,100,0
Cr-Pt-Pt(111),*CH3CHO → *CH3 + *CHO,250,277,277,1.66,2.28,1,2,1,-2.095,4,-2.5169,-2.8078,-0.2909,100,100,0
Cr-Pt-Pt(111),*CH2CH2O → *CH2 + *CH2O,250,277,277,1.66,2.28,1,3,1,-2.095,4,-3.5278,-3.4067,0.1211,100,100,0
Cr-Pt-Pt(111),*CH3CO → *CH3 + *CO,250,277,277,1.66,2.28,1,4,1,-2.095,3,-2.0491,-2.4995,-0.4504,100,100,0
Cr-Pt-Pt(111),*CH2CHO → *CH2 + *CHO,250,277,277,1.66,2.28,1,5,1,-2.095,3,-2.5019,-2.7517,-0.2498,100,100,0
Cr-Pt-Pt(111),*CHCH2O → *CH + *CH2O,250,277,277,1.66,2.28,1,6,1,-2.095,3,-2.1491,-2.5462,-0.3971,100,100,0
Cr-Pt-Pt(111),*CH2CO → *CH2 + *CO,250,277,277,1.66,2.28,1,7,1,-2.095,2,-1.7889,-1.7552,0.0337,100,100,0
Cr-Pt-Pt(111),*CH3CH2O → *CH3CH2 + *O,250,277,277,1.66,2.28,1,8,2,-2.095,5,-2.9473,-5.1975,-2.2502,100,100,0
Cr-Pt-Pt(111),*CH3CHO → *CH3CH + *O,250,277,277,1.66,2.28,1,9,2,-2.095,4,-2.5169,-4.7459,-2.229,100,100,0
Cr-Pt-Pt(111),*CH3CO → *CH3C + *O,250,277,277,1.66,2.28,1,11,2,-2.095,3,-2.0491,-4.093,-2.0439,100,100,0
Cr-Pt-Pt(111),*CH2CHO → *CH2CH + *O,250,277,277,1.66,2.28,1,12,2,-2.095,3,-2.5019,-4.2002,-1.6983,100,100,0
Cr-Pt-Pt(111),*CH2CO → *CH2C + *O,250,277,277,1.66,2.28,1,14,2,-2.095,2,-1.7889,-3.5814,-1.7925,100,100,0
Pt-Cr-Pt(111),*CH3CH2O → *CH3 + *CH2O,277,250,277,2.28,1.66,1,1,1,-0.7269,5,0.4344,1.0731,0.6387,100,100,0
Pt-Cr-Pt(111),*CH3CHO → *CH3 + *CHO,277,250,277,2.28,1.66,1,2,1,-0.7269,4,0.2852,0.8006,0.5154,100,100,0
Pt-Cr-Pt(111),*CH2CH2O → *CH2 + *CH2O,277,250,277,2.28,1.66,1,3,1,-0.7269,4,1.0035,1.9316,0.9281,100,100,0
Pt-Cr-Pt(111),*CH3CO → *CH3 + *CO,277,250,277,2.28,1.66,1,4,1,-0.7269,3,0.4197,0.6936,0.2739,100,100,0
Pt-Cr-Pt(111),*CH2CHO → *CH2 + *CHO,277,250,277,2.28,1.66,1,5,1,-0.7269,3,1.1017,1.8552,0.7535,100,100,0
Pt-Cr-Pt(111),*CHCH2O → *CH + *CH2O,277,250,277,2.28,1.66,1,6,1,-0.7269,3,2.1694,2.3969,0.2275,100,100,0
Pt-Cr-Pt(111),*CH2CO → *CH2 + *CO,277,250,277,2.28,1.66,1,7,1,-0.7269,2,1.4203,1.9012,0.4809,100,100,0
Pt-Cr-Pt(111),*CH3CH2O → *CH3CH2 + *O,277,250,277,2.28,1.66,1,8,2,-0.7269,5,0.4344,1.0813,0.6469,100,100,0
Pt-Cr-Pt(111),*CH3CHO → *CH3CH + *O,277,250,277,2.28,1.66,1,9,2,-0.7269,4,0.2852,2.2676,1.9824,100,100,0
Pt-Cr-Pt(111),*CH3CO → *CH3C + *O,277,250,277,2.28,1.66,1,11,2,-0.7269,3,0.4197,2.9138,2.4941,100,100,0
Pt-Cr-Pt(111),*CH2CHO → *CH2CH + *O,277,250,277,2.28,1.66,1,12,2,-0.7269,3,1.1017,3.1604,2.0587,100,100,0
Pt-Cr-Pt(111),*CH2CO → *CH2C + *O,277,250,277,2.28,1.66,1,14,2,-0.7269,2,1.4203,3.4508,2.0305,100,100,0
Mn-Pt-Pt(111),*CH3CH2O → *CH3 + *CH2O,224,277,277,1.55,2.28,1,1,1,-1.1195,5,-1.3989,-2.1886,-0.7897,100,100,0
Mn-Pt-Pt(111),*CH3CHO → *CH3 + *CHO,224,277,277,1.55,2.28,1,2,1,-1.1195,4,-1.2795,-1.7397,-0.4602,100,100,0
Mn-Pt-Pt(111),*CH2CH2O → *CH2 + *CH2O,224,277,277,1.55,2.28,1,3,1,-1.1195,4,-2.127,-1.3832,0.7438,100,100,0
Mn-Pt-Pt(111),*CH3CO → *CH3 + *CO,224,277,277,1.55,2.28,1,4,1,-1.1195,3,-0.8673,-1.3793,-0.512,100,100,0
Mn-Pt-Pt(111),*CH2CHO → *CH2 + *CHO,224,277,277,1.55,2.28,1,5,1,-1.1195,3,-1.293,-1.2866,0.0064,100,100,0
Mn-Pt-Pt(111),*CHCH2O → *CH + *CH2O,224,277,277,1.55,2.28,1,6,1,-1.1195,3,-0.7584,-1.2462,-0.4878,100,100,0
Mn-Pt-Pt(111),*CH2CO → *CH2 + *CO,224,277,277,1.55,2.28,1,7,1,-1.1195,2,-1.3014,-0.5482,0.7532,100,100,0
Mn-Pt-Pt(111),*CH3CH2O → *CH3CH2 + *O,224,277,277,1.55,2.28,1,8,2,-1.1195,5,-1.3989,-3.2566,-1.8577,100,100,0
Mn-Pt-Pt(111),*CH3CHO → *CH3CH + *O,224,277,277,1.55,2.28,1,9,2,-1.1195,4,-1.2795,-2.4776,-1.1981,100,100,0
Mn-Pt-Pt(111),*CH3CO → *CH3C + *O,224,277,277,1.55,2.28,1,11,2,-1.1195,3,-0.8673,-2.5572,-1.6899,100,100,0
Mn-Pt-Pt(111),*CH2CHO → *CH2CH + *O,224,277,277,1.55,2.28,1,12,2,-1.1195,3,-1.293,-2.4108,-1.1178,100,100,0
Mn-Pt-Pt(111),*CH2CO → *CH2C + *O,224,277,277,1.55,2.28,1,14,2,-1.1195,2,-1.3014,-2.3234,-1.022,100,100,0
Pt-Mn-Pt(111),*CH3CH2O → *CH3 + *CH2O,277,224,277,2.28,1.55,1,1,1,-0.8341,5,0.1395,0.4532,0.3137,100,100,0
Pt-Mn-Pt(111),*CH3CHO → *CH3 + *CHO,277,224,277,2.28,1.55,1,2,1,-0.8341,4,0.1654,0.3545,0.1891,100,100,0
Pt-Mn-Pt(111),*CH2CH2O → *CH2 + *CH2O,277,224,277,2.28,1.55,1,3,1,-0.8341,4,0.8073,1.4312,0.6239,100,100,0
Pt-Mn-Pt(111),*CH3CO → *CH3 + *CO,277,224,277,2.28,1.55,1,4,1,-0.8341,3,0.0977,0.1351,0.0374,100,100,0
Pt-Mn-Pt(111),*CH2CHO → *CH2 + *CHO,277,224,277,2.28,1.55,1,5,1,-0.8341,3,0.7055,1.3924,0.6869,100,100,0
Pt-Mn-Pt(111),*CHCH2O → *CH + *CH2O,277,224,277,2.28,1.55,1,6,1,-0.8341,3,1.918,2.0016,0.0836,100,100,0
Pt-Mn-Pt(111),*CH2CO → *CH2 + *CO,277,224,277,2.28,1.55,1,7,1,-0.8341,2,0.9392,1.1005,0.1613,100,100,0
Pt-Mn-Pt(111),*CH3CH2O → *CH3CH2 + *O,277,224,277,2.28,1.55,1,8,2,-0.8341,5,0.1395,0.8482,0.7087,100,100,0
Pt-Mn-Pt(111),*CH3CHO → *CH3CH + *O,277,224,277,2.28,1.55,1,9,2,-0.8341,4,0.1654,1.6251,1.4597,100,100,0
Pt-Mn-Pt(111),*CH3CO → *CH3C + *O,277,224,277,2.28,1.55,1,11,2,-0.8341,3,0.0977,2.2207,2.123,100,100,0
Pt-Mn-Pt(111),*CH2CHO → *CH2CH + *O,277,224,277,2.28,1.55,1,12,2,-0.8341,3,0.7055,2.5199,1.8144,100,100,0
Pt-Mn-Pt(111),*CH2CO → *CH2C + *O,277,224,277,2.28,1.55,1,14,2,-0.8341,2,0.9392,3.0256,2.0864,100,100,0
Co-Pt-Pt(111),*CH3CH2O → *CH3 + *CH2O,250,277,277,1.88,2.28,1,1,1,-0.8774,5,-1.0914,-1.2855,-0.1941,100,100,0
Co-Pt-Pt(111),*CH3CHO → *CH3 + *CHO,250,277,277,1.88,2.28,1,2,1,-0.8774,4,-0.6431,-1.3292,-0.6861,100,100,0
Co-Pt-Pt(111),*CH2CH2O → *CH2 + *CH2O,250,277,277,1.88,2.28,1,3,1,-0.8774,4,-1.6049,-0.9504,0.6545,100,100,0
Co-Pt-Pt(111),*CH3CO → *CH3 + *CO,250,277,277,1.88,2.28,1,4,1,-0.8774,3,-0.4484,-1.1581,-0.7097,100,100,0
Co-Pt-Pt(111),*CH2CHO → *CH2 + *CHO,250,277,277,1.88,2.28,1,5,1,-0.8774,3,-0.5013,-0.7279,-0.2266,100,100,0
Co-Pt-Pt(111),*CHCH2O → *CH + *CH2O,250,277,277,1.88,2.28,1,6,1,-0.8774,3,-0.2329,-1.0869,-0.854,100,100,0
Co-Pt-Pt(111),*CH2CO → *CH2 + *CO,250,277,277,1.88,2.28,1,7,1,-0.8774,2,-0.9131,-0.7566,0.1565,100,100,0
Co-Pt-Pt(111),*CH3CH2O → *CH3CH2 + *O,250,277,277,1.88,2.28,1,8,2,-0.8774,5,-1.0914,-2.3775,-1.2861,100,100,0
Co-Pt-Pt(111),*CH3CHO → *CH3CH + *O,250,277,277,1.88,2.28,1,9,2,-0.8774,4,-0.6431,-1.5585,-0.9154,100,100,0
Co-Pt-Pt(111),*CH3CO → *CH3C + *O,250,277,277,1.88,2.28,1,11,2,-0.8774,3,-0.4484,-1.9576,-1.5092,100,100,0
Co-Pt-Pt(111),*CH2CHO → *CH2CH + *O,250,277,277,1.88,2.28,1,12,2,-0.8774,3,-0.5013,-1.8331,-1.3318,100,100,0
Co-Pt-Pt(111),*CH2CO → *CH2C + *O,250,277,277,1.88,2.28,1,14,2,-0.8774,2,-0.9131,-1.3763,-0.4632,100,100,0
Pt-Co-Pt(111),*CH3CH2O → *CH3 + *CH2O,277,250,277,2.28,1.88,1,1,1,-0.2925,5,0.6948,1.1122,0.4174,100,100,0
Pt-Co-Pt(111),*CH3CHO → *CH3 + *CHO,277,250,277,2.28,1.88,1,2,1,-0.2925,4,0.7269,1.0472,0.3203,100,100,0
Pt-Co-Pt(111),*CH2CH2O → *CH2 + *CH2O,277,250,277,2.28,1.88,1,3,1,-0.2925,4,1.3793,2.0694,0.6901,100,100,0
Pt-Co-Pt(111),*CH3CO → *CH3 + *CO,277,250,277,2.28,1.88,1,4,1,-0.2925,3,0.6845,0.6378,-0.0467,100,100,0
Pt-Co-Pt(111),*CH2CHO → *CH2 + *CHO,277,250,277,2.28,1.88,1,5,1,-0.2925,3,1.2573,1.8949,0.6376,100,100,0
Pt-Co-Pt(111),*CHCH2O → *CH + *CH2O,277,250,277,2.28,1.88,1,6,1,-0.2925,3,2.2094,2.2733,0.0639,100,100,0
Pt-Co-Pt(111),*CH2CO → *CH2 + *CO,277,250,277,2.28,1.88,1,7,1,-0.2925,2,1.4752,1.5163,0.0411,100,100,0
Pt-Co-Pt(111),*CH3CH2O → *CH3CH2 + *O,277,250,277,2.28,1.88,1,8,2,-0.2925,5,0.6948,1.1739,0.4791,100,100,0
Pt-Co-Pt(111),*CH3CHO → *CH3CH + *O,277,250,277,2.28,1.88,1,9,2,-0.2925,4,0.7269,1.9662,1.2393,100,100,0
Pt-Co-Pt(111),*CH3CO → *CH3C + *O,277,250,277,2.28,1.88,1,11,2,-0.2925,3,0.6845,2.0885,1.404,100,100,0
Pt-Co-Pt(111),*CH2CHO → *CH2CH + *O,277,250,277,2.28,1.88,1,12,2,-0.2925,3,1.2573,2.6572,1.3999,100,100,0
Pt-Co-Pt(111),*CH2CO → *CH2C + *O,277,250,277,2.28,1.88,1,14,2,-0.2925,2,1.4752,2.8496,1.3744,100,100,0
Zn-Pt-Pt(111),*CH3CH2O → *CH3 + *CH2O,266,277,277,1.65,2.28,1,1,1,-0.2631,5,-0.5133,1.0314,1.5447,100,100,0
Zn-Pt-Pt(111),*CH3CHO → *CH3 + *CHO,266,277,277,1.65,2.28,1,2,1,-0.2631,4,0.6184,1.9338,1.3154,100,100,0
Zn-Pt-Pt(111),*CH2CH2O → *CH2 + *CH2O,266,277,277,1.65,2.28,1,3,1,-0.2631,4,1.3228,1.8882,0.5654,100,100,0
Zn-Pt-Pt(111),*CH3CO → *CH3 + *CO,266,277,277,1.65,2.28,1,4,1,-0.2631,3,1.1943,1.9964,0.8021,100,100,0
Zn-Pt-Pt(111),*CH2CHO → *CH2 + *CHO,266,277,277,1.65,2.28,1,5,1,-0.2631,3,1.1153,2.7937,1.6784,100,100,0
Zn-Pt-Pt(111),*CHCH2O → *CH + *CH2O,266,277,277,1.65,2.28,1,6,1,-0.2631,3,1.6171,2.5882,0.9711,100,100,0
Zn-Pt-Pt(111),*CH2CO → *CH2 + *CO,266,277,277,1.65,2.28,1,7,1,-0.2631,2,1.8847,2.9298,1.0451,100,100,0
Zn-Pt-Pt(111),*CH3CH2O → *CH3CH2 + *O,266,277,277,1.65,2.28,1,8,2,-0.2631,5,-0.5133,0.0612,0.5745,100,100,0
Zn-Pt-Pt(111),*CH3CHO → *CH3CH + *O,266,277,277,1.65,2.28,1,9,2,-0.2631,4,0.6184,1.1358,0.5174,100,100,0
Zn-Pt-Pt(111),*CH3CO → *CH3C + *O,266,277,277,1.65,2.28,1,11,2,-0.2631,3,1.1943,1.8517,0.6574,100,100,0
Zn-Pt-Pt(111),*CH2CHO → *CH2CH + *O,266,277,277,1.65,2.28,1,12,2,-0.2631,3,1.1153,1.6739,0.5586,100,100,0
Zn-Pt-Pt(111),*CH2CO → *CH2C + *O,266,277,277,1.65,2.28,1,14,2,-0.2631,2,1.8847,2.2964,0.4117,100,100,0
Pt-Zn-Pt(111),*CH3CH2O → *CH3 + *CH2O,277,266,277,2.28,1.65,1,1,1,-0.1817,5,1.3155,1.9745,0.659,100,100,0
Pt-Zn-Pt(111),*CH3CHO → *CH3 + *CHO,277,266,277,2.28,1.65,1,2,1,-0.1817,4,0.8444,2.2082,1.3638,100,100,0
Pt-Zn-Pt(111),*CH2CH2O → *CH2 + *CH2O,277,266,277,2.28,1.65,1,3,1,-0.1817,4,2.559,2.9505,0.3915,100,100,0
Pt-Zn-Pt(111),*CH3CO → *CH3 + *CO,277,266,277,2.28,1.65,1,4,1,-0.1817,3,1.361,1.9286,0.5676,100,100,0
Pt-Zn-Pt(111),*CH2CHO → *CH2 + *CHO,277,266,277,2.28,1.65,1,5,1,-0.1817,3,1.9689,3.1842,1.2153,100,100,0
Pt-Zn-Pt(111),*CHCH2O → *CH + *CH2O,277,266,277,2.28,1.65,1,6,1,-0.1817,3,3.307,2.9671,-0.3399,100,100,0
Pt-Zn-Pt(111),*CH2CO → *CH2 + *CO,277,266,277,2.28,1.65,1,7,1,-0.1817,2,2.4606,2.9316,0.471,100,100,0
Pt-Zn-Pt(111),*CH3CH2O → *CH3CH2 + *O,277,266,277,2.28,1.65,1,8,2,-0.1817,5,1.3155,2.5333,1.2178,100,100,0
Pt-Zn-Pt(111),*CH3CHO → *CH3CH + *O,277,266,277,2.28,1.65,1,9,2,-0.1817,4,0.8444,3.3314,2.487,100,100,0
Pt-Zn-Pt(111),*CH3CO → *CH3C + *O,277,266,277,2.28,1.65,1,11,2,-0.1817,3,1.361,3.2498,1.8888,100,100,0
Pt-Zn-Pt(111),*CH2CHO → *CH2CH + *O,277,266,277,2.28,1.65,1,12,2,-0.1817,3,1.9689,4.3744,2.4055,100,100,0
Pt-Zn-Pt(111),*CH2CO → *CH2C + *O,277,266,277,2.28,1.65,1,14,2,-0.1817,2,2.4606,4.2767,1.8161,100,100,0