Surface,Reaction,d_NN(top),d_NN(2nd),d_NN(bulk),EN(top),EN(2nd),Facet,ID,CO_or_CC,Eads(CH3CH2OH),N_H,Initial,Final,Er,Ea,E_TS,has_TS
Pt-Ni-Pt(111),*CH3CH2O → *CH3 + *CH2O,277,249,277,2.28,1.91,1,1,1,-0.28966,5,0.7582,1.0225,0.2643,100.0,2.4713253576648997,0
Pt-Ni-Pt(111),*CH3CHO → *CH3 + *CHO,277,249,277,2.28,1.91,1,2,1,-0.28966,4,0.7379,0.9186,0.1807,100.0,2.332012178906651,0
Pt-Ni-Pt(111),*CH2CH2O → *CH2 + *CH2O,277,249,277,2.28,1.91,1,3,1,-0.28966,4,1.3418,1.9078,0.5660000000000001,100.0,2.846130908176888,0
Pt-Ni-Pt(111),*CH2CO → *CH2 + *CO,277,249,277,2.28,1.91,1,7,1,-0.28966,2,1.3187,1.3508,0.0321,100.0,3.0567065758408862,0
Pt-Ni-Pt(111),*CH3CHO → *CH3CH + *O,277,249,277,2.28,1.91,1,9,2,-0.28966,4,0.7379,1.8388,1.101,100.0,2.699137108709409,0
Ni-Pt-Pt(111),*CH3CH2O → *CH3 + *CH2O,249,277,277,1.91,2.28,1,1,1,-0.73068,5,-1.0896,-0.8784,0.2113,100.0,0.6454539135335606,0
Ni-Pt-Pt(111),*CH2CH2O → *CH2 + *CH2O,249,277,277,1.91,2.28,1,3,1,-0.73068,4,-1.3246,-0.5288,0.7958,100.0,0.6179868290827388,0
Ni-Pt-Pt(111),*CH3CH2O → *CH3CH2 + *O,249,277,277,1.91,2.28,1,8,2,-0.73068,5,-1.0896,-1.662,-0.5723,100.0,0.5747282106265311,0
Cu-Pt-Pt(111),*CH3CH2O → *CH3 + *CH2O,256,277,277,1.9,2.28,1,1,1,-0.4957,5,-0.6443,0.7082,1.3525,100.0,1.6308402797335526,0
Cu-Pt-Pt(111),*CH3CHO → *CH3 + *CHO,256,277,277,1.9,2.28,1,2,1,-0.4957,4,0.5202,1.0561,0.5359,100.0,1.7202653169041004,0
Cu-Pt-Pt(111),*CH2CH2O → *CH2 + *CH2O,256,277,277,1.9,2.28,1,3,1,-0.4957,4,0.8809999999999999,1.7643,0.8833,100.0,2.107959615669386,0
Pt-Cu-Pt(111),*CH3CH2O → *CH3 + *CH2O,277,256,277,2.28,1.9,1,1,1,-0.24323000000000003,5,0.8740000000000001,0.9975,0.1235,100.0,2.3563318926673738,0
Pt-Cu-Pt(111),*CH3CHO → *CH3 + *CHO,277,256,277,2.28,1.9,1,2,1,-0.24323000000000003,4,0.7975,0.7737,-0.0238,100.0,2.1484654103943273,0
Pt-Cu-Pt(111),*CH2CHO → *CH2 + *CHO,277,256,277,2.28,1.9,1,5,1,-0.24323000000000003,3,1.3624,1.3609,-0.0015,100.0,2.8181370318355166,0
Pt-Cu-Pt(111),*CHCH2O → *CH + *CH2O,277,256,277,2.28,1.9,1,6,1,-0.24323000000000003,3,1.9382,1.5766,-0.3616,100.0,2.9696413304746008,0
Pt-Cu-Pt(111),*CH3CH2O → *CH3CH2 + *O,277,256,277,2.28,1.9,1,8,2,-0.24323000000000003,5,0.8740000000000001,0.8833,0.0093,100.0,2.3183915696790103,0
Pt-Cu-Pt(111),*CH3CHO → *CH3CH + *O,277,256,277,2.28,1.9,1,9,2,-0.24323000000000003,4,0.7975,1.6066,0.8091,100.0,2.508123790526086,0
Ti-Pt-Pt(111),*CH3CH2O → *CH3 + *CH2O,289,277,277,1.54,2.28,1,1,1,-1.1991,5,-2.8123,-3.6918,-0.8795,100.0,0.7155026044857614,0
Ti-Pt-Pt(111),*CH3CHO → *CH3 + *CHO,289,277,277,1.54,2.28,1,2,1,-1.1991,4,-2.5284,-3.8608,-1.3324,100.0,0.6321714741205827,0
Ti-Pt-Pt(111),*CH2CH2O → *CH2 + *CH2O,289,277,277,1.54,2.28,1,3,1,-1.1991,4,-3.9813,-3.7092,0.2721,100.0,0.6494451562981075,0
Ti-Pt-Pt(111),*CH3CO → *CH3 + *CO,289,277,277,1.54,2.28,1,4,1,-1.1991,3,-2.7208,-3.1789,-0.4581,100.0,0.6083511517679892,0
Ti-Pt-Pt(111),*CH2CHO → *CH2 + *CHO,289,277,277,1.54,2.28,1,5,1,-1.1991,3,-1.8716,-3.7684,-1.8968,100.0,0.5551924861494064,0
Ti-Pt-Pt(111),*CHCH2O → *CH + *CH2O,289,277,277,1.54,2.28,1,6,1,-1.1991,3,-2.5524,-2.9329,-0.3805,100.0,0.6104947617693264,0
Ti-Pt-Pt(111),*CH2CO → *CH2 + *CO,289,277,277,1.54,2.28,1,7,1,-1.1991,2,-2.9739999999999998,-2.8372,0.1368,100.0,0.6398585056319431,0
Ti-Pt-Pt(111),*CH3CH2O → *CH3CH2 + *O,289,277,277,1.54,2.28,1,8,2,-1.1991,5,-2.8123,-5.6125,-2.8002,100.0,0.6662517210697071,0
Ti-Pt-Pt(111),*CH3CHO → *CH3CH + *O,289,277,277,1.54,2.28,1,9,2,-1.1991,4,-2.5284,-5.4448,-2.9164,100.0,0.6041656641756471,0
Ti-Pt-Pt(111),*CH3CO → *CH3C + *O,289,277,277,1.54,2.28,1,11,2,-1.1991,3,-2.7208,-4.7321,-2.0113,100.0,0.5770002067745779,0
Ti-Pt-Pt(111),*CH2CHO → *CH2CH + *O,289,277,277,1.54,2.28,1,12,2,-1.1991,3,-1.8716,-6.0949,-4.2233,100.0,0.5337922662357202,0
Ti-Pt-Pt(111),*CH2CO → *CH2C + *O,289,277,277,1.54,2.28,1,14,2,-1.1991,2,-2.9739999999999998,-5.5212,-2.5472,100.0,0.5926276609406053,0
Pt-Ti-Pt(111),*CH3CH2O → *CH3 + *CH2O,277,289,277,2.28,1.54,1,1,1,-0.212,5,0.92,1.911,0.991,100.0,1.6614340477398035,0
Pt-Ti-Pt(111),*CH3CHO → *CH3 + *CHO,277,289,277,2.28,1.54,1,2,1,-0.212,4,0.8007,2.4102,1.6095,100.0,1.9898610575916307,0
Pt-Ti-Pt(111),*CH2CH2O → *CH2 + *CH2O,277,289,277,2.28,1.54,1,3,1,-0.212,4,2.1592,3.227,1.0678,100.0,2.570157877198765,0
Pt-Ti-Pt(111),*CH3CO → *CH3 + *CO,277,289,277,2.28,1.54,1,4,1,-0.212,3,1.4545,1.9402,0.4857,100.0,1.9026634365530914,0
Pt-Ti-Pt(111),*CH2CHO → *CH2 + *CHO,277,289,277,2.28,1.54,1,5,1,-0.212,3,1.6617,3.6988,2.0371,100.0,2.935339068507025,0
Pt-Ti-Pt(111),*CHCH2O → *CH + *CH2O,277,289,277,2.28,1.54,1,6,1,-0.212,3,3.3964,3.5041,0.1077,100.0,3.0652512162859566,0
Pt-Ti-Pt(111),*CH2CO → *CH2 + *CO,277,289,277,2.28,1.54,1,7,1,-0.212,2,2.7085,3.3238,0.6153,100.0,3.129528092192689,0
Pt-Ti-Pt(111),*CH3CH2O → *CH3CH2 + *O,277,289,277,2.28,1.54,1,8,2,-0.212,5,0.92,2.6463,1.7263,100.0,2.1848001272143307,0
Pt-Ti-Pt(111),*CH3CHO → *CH3CH + *O,277,289,277,2.28,1.54,1,9,2,-0.212,4,0.8007,3.8168,3.0161,100.0,2.585196116963298,0
Pt-Ti-Pt(111),*CH3CO → *CH3C + *O,277,289,277,2.28,1.54,1,11,2,-0.212,3,1.4545,4.1604,2.7059,100.0,3.0415606658891017,0
Pt-Ti-Pt(111),*CH2CHO → *CH2CH + *O,277,289,277,2.28,1.54,1,12,2,-0.212,3,1.6617,4.2196,2.5579,100.0,3.100903932393335,0
Pt-Ti-Pt(111),*CH2CO → *CH2C + *O,277,289,277,2.28,1.54,1,14,2,-0.212,2,2.7085,4.8708,2.1623,100.0,3.9877183248954373,0
Fe-Pt-Pt(111),*CH3CH2O → *CH3 + *CH2O,248,277,277,1.83,2.28,1,1,1,-0.7819,5,-0.93553,-1.26597,-0.33044,100.0,0.5477836557538124,0
Fe-Pt-Pt(111),*CH3CHO → *CH3 + *CHO,248,277,277,1.83,2.28,1,2,1,-0.7819,4,-0.64928,-1.16182,-0.51254,100.0,0.46628807604902345,0
Fe-Pt-Pt(111),*CH2CH2O → *CH2 + *CH2O,248,277,277,1.83,2.28,1,3,1,-0.7819,4,-1.5098200000000002,-0.74529,0.76453,100.0,0.5573507397959525,0
Fe-Pt-Pt(111),*CH3CO → *CH3 + *CO,248,277,277,1.83,2.28,1,4,1,-0.7819,3,-0.5073,-0.94821,-0.44091,100.0,0.5884111141933224,0
Fe-Pt-Pt(111),*CH2CHO → *CH2 + *CHO,248,277,277,1.83,2.28,1,5,1,-0.7819,3,-0.43551999999999996,-0.74115,-0.30563,100.0,0.6306314568457468,0
Fe-Pt-Pt(111),*CHCH2O → *CH + *CH2O,248,277,277,1.83,2.28,1,6,1,-0.7819,3,-0.24631999999999998,-0.52288,-0.27656,100.0,0.6671954140877328,0
Fe-Pt-Pt(111),*CH2CO → *CH2 + *CO,248,277,277,1.83,2.28,1,7,1,-0.7819,2,-0.89555,-0.31305,0.5825,100.0,0.9181419097361603,0
Fe-Pt-Pt(111),*CH3CH2O → *CH3CH2 + *O,248,277,277,1.83,2.28,1,8,2,-0.7819,5,-0.93553,-2.3996,-1.46407,100.0,0.4592500420829805,0
Fe-Pt-Pt(111),*CH3CHO → *CH3CH + *O,248,277,277,1.83,2.28,1,9,2,-0.7819,4,-0.64928,-1.54262,-0.8933399999999999,100.0,0.4211109328601167,0
Fe-Pt-Pt(111),*CH3CO → *CH3C + *O,248,277,277,1.83,2.28,1,11,2,-0.7819,3,-0.5073,-1.90667,-1.39937,100.0,0.46096731460301504,0
Fe-Pt-Pt(111),*CH2CHO → *CH2CH + *O,248,277,277,1.83,2.28,1,12,2,-0.7819,3,-0.43551999999999996,-1.8562599999999998,-1.42074,100.0,0.4612132485144255,0
Fe-Pt-Pt(111),*CH2CO → *CH2C + *O,248,277,277,1.83,2.28,1,14,2,-0.7819,2,-0.89555,-1.4029,-0.50735,100.0,0.7366408474714524,0
Pt-Fe-Pt(111),*CH3CH2O → *CH3 + *CH2O,277,248,277,2.28,1.83,1,1,1,-0.3644,5,0.50267,0.8668399999999999,0.36417,100.0,2.296806613356032,0
Pt-Fe-Pt(111),*CH3CHO → *CH3 + *CHO,277,248,277,2.28,1.83,1,2,1,-0.3644,4,0.6543100000000001,0.89155,0.23724,100.0,2.254942609859792,0
Pt-Fe-Pt(111),*CH2CH2O → *CH2 + *CH2O,277,248,277,2.28,1.83,1,3,1,-0.3644,4,1.18287,1.91567,0.7328,100.0,2.7534546613908657,0
Pt-Fe-Pt(111),*CH3CO → *CH3 + *CO,277,248,277,2.28,1.83,1,4,1,-0.3644,3,0.60096,0.53581,-0.06515,100.0,2.088253019219405,0
Pt-Fe-Pt(111),*CH2CHO → *CH2 + *CHO,277,248,277,2.28,1.83,1,5,1,-0.3644,3,1.09071,1.74763,0.65692,100.0,2.8692267698384253,0
Pt-Fe-Pt(111),*CHCH2O → *CH + *CH2O,277,248,277,2.28,1.83,1,6,1,-0.3644,3,2.18221,2.2158700000000002,0.03366,100.0,3.675146923509166,0
Pt-Fe-Pt(111),*CH2CO → *CH2 + *CO,277,248,277,2.28,1.83,1,7,1,-0.3644,2,1.41144,1.3649200000000001,-0.04652,100.0,2.9267109537103586,0
Pt-Fe-Pt(111),*CH3CH2O → *CH3CH2 + *O,277,248,277,2.28,1.83,1,8,2,-0.3644,5,0.50267,1.1008,0.59813,100.0,2.326630138331421,0
Pt-Fe-Pt(111),*CH3CHO → *CH3CH + *O,277,248,277,2.28,1.83,1,9,2,-0.3644,4,0.6543100000000001,1.93585,1.28154,100.0,2.5739178666557128,0
Pt-Fe-Pt(111),*CH3CO → *CH3C + *O,277,248,277,2.28,1.83,1,11,2,-0.3644,3,0.60096,2.27021,1.66925,100.0,3.010900609432536,0
Pt-Fe-Pt(111),*CH2CHO → *CH2CH + *O,277,248,277,2.28,1.83,1,12,2,-0.3644,3,1.09071,2.7166900000000003,1.62598,100.0,3.64983043776654,0
Pt-Fe-Pt(111),*CH2CO → *CH2C + *O,277,248,277,2.28,1.83,1,14,2,-0.3644,2,1.41144,2.93622,1.52478,100.0,3.9270284724348663,0
Sc-Pt-Pt(111),*CH3CH2O → *CH3 + *CH2O,325,277,277,1.36,2.28,1,1,1,-5.0734,5,-2.6199,-3.2262,-0.6063,100.0,0.530760305913476,0
Sc-Pt-Pt(111),*CH3CHO → *CH3 + *CHO,325,277,277,1.36,2.28,1,2,1,-5.0734,4,-2.326,-3.05,-0.7240000000000001,100.0,0.5172940039057206,0
Sc-Pt-Pt(111),*CH2CH2O → *CH2 + *CH2O,325,277,277,1.36,2.28,1,3,1,-5.0734,4,-3.5535,-3.1753,0.3782,100.0,0.5205782202070748,0
Sc-Pt-Pt(111),*CH3CO → *CH3 + *CO,325,277,277,1.36,2.28,1,4,1,-5.0734,3,-2.2535,-1.4701,0.7834,100.0,0.5025999726286209,0
Sc-Pt-Pt(111),*CH2CHO → *CH2 + *CHO,325,277,277,1.36,2.28,1,5,1,-5.0734,3,-2.4038,-2.8534,-0.4496,100.0,0.5024906289726438,0
Sc-Pt-Pt(111),*CHCH2O → *CH + *CH2O,325,277,277,1.36,2.28,1,6,1,-5.0734,3,-2.4272,-9.7992,-7.372000000000001,100.0,0.5098842199635211,0
Sc-Pt-Pt(111),*CH2CO → *CH2 + *CO,325,277,277,1.36,2.28,1,7,1,-5.0734,2,-10.6523,-13.2367,-2.5844,100.0,0.526484278015319,0
Sc-Pt-Pt(111),*CH3CH2O → *CH3CH2 + *O,325,277,277,1.36,2.28,1,8,2,-5.0734,5,-2.6199,-4.7355,-2.1156,100.0,0.5306855447924209,0
Sc-Pt-Pt(111),*CH3CHO → *CH3CH + *O,325,277,277,1.36,2.28,1,9,2,-5.0734,4,-2.326,-4.5833,-2.2573,100.0,0.5178363958993254,0
Sc-Pt-Pt(111),*CH3CO → *CH3C + *O,325,277,277,1.36,2.28,1,11,2,-5.0734,3,-2.2535,-8.5401,-6.2866,100.0,0.5083499928791173,0
Sc-Pt-Pt(111),*CH2CHO → *CH2CH + *O,325,277,277,1.36,2.28,1,12,2,-5.0734,3,-2.4038,-4.4756,-2.0718,100.0,0.5034259577254958,0
Sc-Pt-Pt(111),*CH2CO → *CH2C + *O,325,277,277,1.36,2.28,1,14,2,-5.0734,2,-10.6523,-8.749,1.9033,100.0,0.5265254692776462,0
Pt-Sc-Pt(111),*CH3CH2O → *CH3 + *CH2O,277,325,277,2.28,1.36,1,1,1,-0.1934,5,1.1078,1.9552,0.8474,100.0,1.430631103761698,0
Pt-Sc-Pt(111),*CH3CHO → *CH3 + *CHO,277,325,277,2.28,1.36,1,2,1,-0.1934,4,0.8284,2.5098,1.6814,100.0,1.7990636909116446,0
Pt-Sc-Pt(111),*CH2CH2O → *CH2 + *CH2O,277,325,277,2.28,1.36,1,3,1,-0.1934,4,2.3766,3.1838,0.8072,100.0,2.1039522238311923,0
Pt-Sc-Pt(111),*CH3CO → *CH3 + *CO,277,325,277,2.28,1.36,1,4,1,-0.1934,3,1.4749,2.0612,0.5863,100.0,1.6413269823583865,0
Pt-Sc-Pt(111),*CH2CHO → *CH2 + *CHO,277,325,277,2.28,1.36,1,5,1,-0.1934,3,1.8163,3.7102,1.8939,100.0,2.289987729312015,0
Pt-Sc-Pt(111),*CHCH2O → *CH + *CH2O,277,325,277,2.28,1.36,1,6,1,-0.1934,3,3.4573,3.2582,-0.1991,100.0,2.234077092387385,0
Pt-Sc-Pt(111),*CH2CO → *CH2 + *CO,277,325,277,2.28,1.36,1,7,1,-0.1934,2,2.6772,3.4144,0.7372,100.0,2.339781798294324,0
Pt-Sc-Pt(111),*CH3CH2O → *CH3CH2 + *O,277,325,277,2.28,1.36,1,8,2,-0.1934,5,1.1078,2.7998,1.692,100.0,1.8839902298852005,0
Pt-Sc-Pt(111),*CH3CHO → *CH3CH + *O,277,325,277,2.28,1.36,1,9,2,-0.1934,4,0.8284,3.8967,3.0683,100.0,2.25212485468838,0
Pt-Sc-Pt(111),*CH3CO → *CH3C + *O,277,325,277,2.28,1.36,1,11,2,-0.1934,3,1.4749,4.1146,2.6397,100.0,2.3585213348729948,0
Pt-Sc-Pt(111),*CH2CHO → *CH2CH + *O,277,325,277,2.28,1.36,1,12,2,-0.1934,3,1.8163,4.3586,2.5423,100.0,2.590609388176623,0
Pt-Sc-Pt(111),*CH2CO → *CH2C + *O,277,325,277,2.28,1.36,1,14,2,-0.1934,2,2.6772,4.9276,2.2504,100.0,3.003964405462414,0
V-Pt-Pt(111),*CH3CH2O → *CH3 + *CH2O,262,277,277,1.63,2.28,1,1,1,-1.0681,5,-2.5911,-3.6825,-1.0914,100.0,0.6663701525409743,0
V-Pt-Pt(111),*CH3CHO → *CH3 + *CHO,262,277,277,1.63,2.28,1,2,1,-1.0681,4,-2.0588,-3.6203,-1.5615,100.0,0.6040412983502125,0
V-Pt-Pt(111),*CH2CH2O → *CH2 + *CH2O,262,277,277,1.63,2.28,1,3,1,-1.0681,4,-3.4494,-2.9661,0.4833,100.0,0.6717353541674912,0
V-Pt-Pt(111),*CH3CO → *CH3 + *CO,262,277,277,1.63,2.28,1,4,1,-1.0681,3,-2.4702,-2.5094,-0.0392,100.0,0.6872919716728126,0
V-Pt-Pt(111),*CH2CHO → *CH2 + *CHO,262,277,277,1.63,2.28,1,5,1,-1.0681,3,-2.1447,-3.2339,-1.0892,100.0,0.6355238271825546,0
V-Pt-Pt(111),*CHCH2O → *CH + *CH2O,262,277,277,1.63,2.28,1,6,1,-1.0681,3,-2.1823,-2.343,-0.1607,100.0,0.6858948862511777,0
V-Pt-Pt(111),*CH2CO → *CH2 + *CO,262,277,277,1.63,2.28,1,7,1,-1.0681,2,-2.447,-2.1656,0.2814,100.0,0.7956139840752573,0
V-Pt-Pt(111),*CH3CH2O → *CH3CH2 + *O,262,277,277,1.63,2.28,1,8,2,-1.0681,5,-2.5911,-5.2063,-2.6152,100.0,0.6219897728646694,0
V-Pt-Pt(111),*CH3CHO → *CH3CH + *O,262,277,277,1.63,2.28,1,9,2,-1.0681,4,-2.0588,-4.8873,-2.8285,100.0,0.5727738275426048,0
V-Pt-Pt(111),*CH3CO → *CH3C + *O,262,277,277,1.63,2.28,1,11,2,-1.0681,3,-2.4702,-4.0289,-1.5587,100.0,0.6234348785397829,0
V-Pt-Pt(111),*CH2CHO → *CH2CH + *O,262,277,277,1.63,2.28,1,12,2,-1.0681,3,-2.1447,-4.8215,-2.6768,100.0,0.5895826011321877,0
V-Pt-Pt(111),*CH2CO → *CH2C + *O,262,277,277,1.63,2.28,1,14,2,-1.0681,2,-2.447,-3.6937,-1.2467,100.0,0.7221648363012713,0
Pt-V-Pt(111),*CH3CH2O → *CH3 + *CH2O,277,262,277,2.28,1.63,1,1,1,-0.272,5,0.6905,1.5596,0.8691,100.0,2.1258583958035846,0
Pt-V-Pt(111),*CH3CHO → *CH3 + *CHO,277,262,277,2.28,1.63,1,2,1,-0.272,4,0.7512,1.8056,1.0544,100.0,2.088783829936789,0
Pt-V-Pt(111),*CH2CH2O → *CH2 + *CH2O,277,262,277,2.28,1.63,1,3,1,-0.272,4,1.6565,2.8177,1.1612,100.0,2.7613943293015044,0
Pt-V-Pt(111),*CH3CO → *CH3 + *CO,277,262,277,2.28,1.63,1,4,1,-0.272,3,1.103,1.4498,0.3468,100.0,2.1929878629000488,0
Pt-V-Pt(111),*CH2CHO → *CH2 + *CHO,277,262,277,2.28,1.63,1,5,1,-0.272,3,1.3721,3.0779,1.7058,100.0,3.2595682093574956,0
Pt-V-Pt(111),*CHCH2O → *CH + *CH2O,277,262,277,2.28,1.63,1,6,1,-0.272,3,2.8488,3.2371,0.3883,100.0,3.630442197172416,0
Pt-V-Pt(111),*CH2CO → *CH2 + *CO,277,262,277,2.28,1.63,1,7,1,-0.272,2,2.2195,2.6567,0.4372,100.0,3.462265867238818,0
Pt-V-Pt(111),*CH3CH2O → *CH3CH2 + *O,277,262,277,2.28,1.63,1,8,2,-0.272,5,0.6905,2.0085,1.318,100.0,2.204152362552758,0
Pt-V-Pt(111),*CH3CHO → *CH3CH + *O,277,262,277,2.28,1.63,1,9,2,-0.272,4,0.7512,3.1995,2.4483,100.0,2.8674433490354363,0
Pt-V-Pt(111),*CH3CO → *CH3C + *O,277,262,277,2.28,1.63,1,11,2,-0.272,3,1.103,3.7505,2.6475,100.0,3.4683666762114043,0
Pt-V-Pt(111),*CH2CHO → *CH2CH + *O,277,262,277,2.28,1.63,1,12,2,-0.272,3,1.3721,3.5980000000000003,2.2259,100.0,3.513450944028348,0
Pt-V-Pt(111),*CH2CO → *CH2C + *O,277,262,277,2.28,1.63,1,14,2,-0.272,2,2.2195,4.3647,2.1452,100.0,4.33001371637624,0
Cr-Pt-Pt(111),*CH3CH2O → *CH3 + *CH2O,250,277,277,1.66,2.28,1,1,1,-2.095,5,-2.9473,-3.2849,-0.3376,100.0,0.2978996477102348,0
Cr-Pt-Pt(111),*CH3CHO → *CH3 + *CHO,250,277,277,1.66,2.28,1,2,1,-2.095,4,-2.5169,-2.8078,-0.2909,100.0,0.2674430893041392,0
Cr-Pt-Pt(111),*CH2CH2O → *CH2 + *CH2O,250,277,277,1.66,2.28,1,3,1,-2.095,4,-3.5278,-3.4067,0.1211,100.0,0.2910307395580035,0
Cr-Pt-Pt(111),*CH3CO → *CH3 + *CO,250,277,277,1.66,2.28,1,4,1,-2.095,3,-2.0491,-2.4995,-0.4504,100.0,0.3432503143708893,0
Cr-Pt-Pt(111),*CH2CHO → *CH2 + *CHO,250,277,277,1.66,2.28,1,5,1,-2.095,3,-2.5019,-2.7517,-0.2498,100.0,0.3559069861190233,0
Cr-Pt-Pt(111),*CHCH2O → *CH + *CH2O,250,277,277,1.66,2.28,1,6,1,-2.095,3,-2.1491,-2.5462,-0.3971,100.0,0.34656704204773686,0
Cr-Pt-Pt(111),*CH2CO → *CH2 + *CO,250,277,277,1.66,2.28,1,7,1,-2.095,2,-1.7889,-1.7552,0.0337,100.0,0.5294001143945635,0
Cr-Pt-Pt(111),*CH3CH2O → *CH3CH2 + *O,250,277,277,1.66,2.28,1,8,2,-2.095,5,-2.9473,-5.1975,-2.2502,100.0,0.2720995696283206,0
Cr-Pt-Pt(111),*CH3CHO → *CH3CH + *O,250,277,277,1.66,2.28,1,9,2,-2.095,4,-2.5169,-4.7459,-2.229,100.0,0.2376320537125739,0
Cr-Pt-Pt(111),*CH3CO → *CH3C + *O,250,277,277,1.66,2.28,1,11,2,-2.095,3,-2.0491,-4.093,-2.0439,100.0,0.30417060668597723,0
Cr-Pt-Pt(111),*CH2CHO → *CH2CH + *O,250,277,277,1.66,2.28,1,12,2,-2.095,3,-2.5019,-4.2002,-1.6983,100.0,0.32547551628786126,0
Cr-Pt-Pt(111),*CH2CO → *CH2C + *O,250,277,277,1.66,2.28,1,14,2,-2.095,2,-1.7889,-3.5814,-1.7925,100.0,0.46258464142011224,0
Pt-Cr-Pt(111),*CH3CH2O → *CH3 + *CH2O,277,250,277,2.28,1.66,1,1,1,-0.7269,5,0.4344,1.0731,0.6387,100.0,2.0271747504864246,0
Pt-Cr-Pt(111),*CH3CHO → *CH3 + *CHO,277,250,277,2.28,1.66,1,2,1,-0.7269,4,0.2852,0.8006,0.5154,100.0,1.7471369667863235,0
Pt-Cr-Pt(111),*CH2CH2O → *CH2 + *CH2O,277,250,277,2.28,1.66,1,3,1,-0.7269,4,1.0035,1.9316,0.9281,100.0,2.358780862613618,0
Pt-Cr-Pt(111),*CH3CO → *CH3 + *CO,277,250,277,2.28,1.66,1,4,1,-0.7269,3,0.4197,0.6936,0.2739,100.0,1.7814347486840763,0
Pt-Cr-Pt(111),*CH2CHO → *CH2 + *CHO,277,250,277,2.28,1.66,1,5,1,-0.7269,3,1.1017,1.8552,0.7535,100.0,2.5552975421587645,0
Pt-Cr-Pt(111),*CHCH2O → *CH + *CH2O,277,250,277,2.28,1.66,1,6,1,-0.7269,3,2.1694,2.3969,0.2275,100.0,3.3152618357477186,0
Pt-Cr-Pt(111),*CH2CO → *CH2 + *CO,277,250,277,2.28,1.66,1,7,1,-0.7269,2,1.4203,1.9012,0.4809,100.0,2.839432186298214,0
Pt-Cr-Pt(111),*CH3CH2O → *CH3CH2 + *O,277,250,277,2.28,1.66,1,8,2,-0.7269,5,0.4344,1.0813,0.6469,100.0,2.0273075621838688,0
Pt-Cr-Pt(111),*CH3CHO → *CH3CH + *O,277,250,277,2.28,1.66,1,9,2,-0.7269,4,0.2852,2.2676,1.9824,100.0,2.3110971661017965,0
Pt-Cr-Pt(111),*CH3CO → *CH3C + *O,277,250,277,2.28,1.66,1,11,2,-0.7269,3,0.4197,2.9138,2.4941,100.0,2.823125480846595,0
Pt-Cr-Pt(111),*CH2CHO → *CH2CH + *O,277,250,277,2.28,1.66,1,12,2,-0.7269,3,1.1017,3.1604,2.0587,100.0,3.4670901406675436,0
Pt-Cr-Pt(111),*CH2CO → *CH2C + *O,277,250,277,2.28,1.66,1,14,2,-0.7269,2,1.4203,3.4508,2.0305,100.0,3.953644398786278,0
Mn-Pt-Pt(111),*CH3CH2O → *CH3 + *CH2O,224,277,277,1.55,2.28,1,1,1,-1.1195,5,-1.3989,-2.1886,-0.7897,100.0,0.2457130689325685,0
Mn-Pt-Pt(111),*CH3CHO → *CH3 + *CHO,224,277,277,1.55,2.28,1,2,1,-1.1195,4,-1.2795,-1.7397,-0.4602,100.0,0.260785242284162,0
Mn-Pt-Pt(111),*CH2CH2O → *CH2 + *CH2O,224,277,277,1.55,2.28,1,3,1,-1.1195,4,-2.127,-1.3832,0.7438,100.0,0.3060443561177365,0
Mn-Pt-Pt(111),*CH3CO → *CH3 + *CO,224,277,277,1.55,2.28,1,4,1,-1.1195,3,-0.8673,-1.3793,-0.512,100.0,0.4023765232527969,0
Mn-Pt-Pt(111),*CH2CHO → *CH2 + *CHO,224,277,277,1.55,2.28,1,5,1,-1.1195,3,-1.2930000000000001,-1.2866,0.0064,100.0,0.4221566078717924,0
Mn-Pt-Pt(111),*CHCH2O → *CH + *CH2O,224,277,277,1.55,2.28,1,6,1,-1.1195,3,-0.7584,-1.2462,-0.4878,100.0,0.4061885992721143,0
Mn-Pt-Pt(111),*CH2CO → *CH2 + *CO,224,277,277,1.55,2.28,1,7,1,-1.1195,2,-1.3014,-0.5482,0.7532,100.0,0.6781866305323456,0
Mn-Pt-Pt(111),*CH3CH2O → *CH3CH2 + *O,224,277,277,1.55,2.28,1,8,2,-1.1195,5,-1.3989,-3.2566,-1.8577,100.0,0.21783364098279911,0
Mn-Pt-Pt(111),*CH3CHO → *CH3CH + *O,224,277,277,1.55,2.28,1,9,2,-1.1195,4,-1.2795,-2.4776,-1.1981,100.0,0.2302850966929464,0
Mn-Pt-Pt(111),*CH3CO → *CH3C + *O,224,277,277,1.55,2.28,1,11,2,-1.1195,3,-0.8673,-2.5572,-1.6899,100.0,0.34763800468856093,0
Mn-Pt-Pt(111),*CH2CHO → *CH2CH + *O,224,277,277,1.55,2.28,1,12,2,-1.1195,3,-1.2930000000000001,-2.4108,-1.1178,100.0,0.3694634436462629,0
Mn-Pt-Pt(111),*CH2CO → *CH2C + *O,224,277,277,1.55,2.28,1,14,2,-1.1195,2,-1.3014,-2.3234,-1.022,100.0,0.5690338185269019,0
Pt-Mn-Pt(111),*CH3CH2O → *CH3 + *CH2O,277,224,277,2.28,1.55,1,1,1,-0.8341,5,0.1395,0.4532,0.3137,100.0,1.8971644010183715,0
Pt-Mn-Pt(111),*CH3CHO → *CH3 + *CHO,277,224,277,2.28,1.55,1,2,1,-0.8341,4,0.1654,0.3545,0.1891,100.0,1.888891930162501,0
Pt-Mn-Pt(111),*CH2CH2O → *CH2 + *CH2O,277,224,277,2.28,1.55,1,3,1,-0.8341,4,0.8073,1.4312,0.6239,100.0,2.304201494988268,0
Pt-Mn-Pt(111),*CH3CO → *CH3 + *CO,277,224,277,2.28,1.55,1,4,1,-0.8341,3,0.0977,0.1351,0.0374,100.0,1.5997571126306835,0
Pt-Mn-Pt(111),*CH2CHO → *CH2 + *CHO,277,224,277,2.28,1.55,1,5,1,-0.8341,3,0.7055,1.3924,0.6869,100.0,2.3233759765022386,0
Pt-Mn-Pt(111),*CHCH2O → *CH + *CH2O,277,224,277,2.28,1.55,1,6,1,-0.8341,3,1.9180000000000001,2.0016,0.0836,100.0,2.753161236380902,0
Pt-Mn-Pt(111),*CH2CO → *CH2 + *CO,277,224,277,2.28,1.55,1,7,1,-0.8341,2,0.9392,1.1005,0.1613,100.0,2.145838834317012,0
Pt-Mn-Pt(111),*CH3CH2O → *CH3CH2 + *O,277,224,277,2.28,1.55,1,8,2,-0.8341,5,0.1395,0.8482,0.7087,100.0,1.8739317669713937,0
Pt-Mn-Pt(111),*CH3CHO → *CH3CH + *O,277,224,277,2.28,1.55,1,9,2,-0.8341,4,0.1654,1.6251,1.4597,100.0,1.983587379433589,0
Pt-Mn-Pt(111),*CH3CO → *CH3C + *O,277,224,277,2.28,1.55,1,11,2,-0.8341,3,0.0977,2.2207,2.123,100.0,2.3593749504304715,0
Pt-Mn-Pt(111),*CH2CHO → *CH2CH + *O,277,224,277,2.28,1.55,1,12,2,-0.8341,3,0.7055,2.5199,1.8144,100.0,2.723921659682187,0
Pt-Mn-Pt(111),*CH2CO → *CH2C + *O,277,224,277,2.28,1.55,1,14,2,-0.8341,2,0.9392,3.0256,2.0864,100.0,3.137831333001655,0
Co-Pt-Pt(111),*CH3CH2O → *CH3 + *CH2O,250,277,277,1.88,2.28,1,1,1,-0.8774,5,-1.0914,-1.2855,-0.1941,100.0,0.5804117503280425,0
Co-Pt-Pt(111),*CH3CHO → *CH3 + *CHO,250,277,277,1.88,2.28,1,2,1,-0.8774,4,-0.6431,-1.3292,-0.6861,100.0,0.45713828138414125,0
Co-Pt-Pt(111),*CH2CH2O → *CH2 + *CH2O,250,277,277,1.88,2.28,1,3,1,-0.8774,4,-1.6049,-0.9504,0.6545,100.0,0.5373736410652478,0
Co-Pt-Pt(111),*CH3CO → *CH3 + *CO,250,277,277,1.88,2.28,1,4,1,-0.8774,3,-0.4484,-1.1581,-0.7097,100.0,0.5500350656168658,0
Co-Pt-Pt(111),*CH2CHO → *CH2 + *CHO,250,277,277,1.88,2.28,1,5,1,-0.8774,3,-0.5013,-0.7279,-0.2266,100.0,0.6366582051269655,0
Co-Pt-Pt(111),*CHCH2O → *CH + *CH2O,250,277,277,1.88,2.28,1,6,1,-0.8774,3,-0.2329,-1.0869,-0.8540000000000001,100.0,0.5616974200899931,0
Co-Pt-Pt(111),*CH2CO → *CH2 + *CO,250,277,277,1.88,2.28,1,7,1,-0.8774,2,-0.9131,-0.7566,0.1565,100.0,0.8452649899685533,0
Co-Pt-Pt(111),*CH3CH2O → *CH3CH2 + *O,250,277,277,1.88,2.28,1,8,2,-0.8774,5,-1.0914,-2.3775,-1.2861,100.0,0.49379270880903137,0
Co-Pt-Pt(111),*CH3CHO → *CH3CH + *O,250,277,277,1.88,2.28,1,9,2,-0.8774,4,-0.6431,-1.5585,-0.9154,100.0,0.4297322095333017,0
Co-Pt-Pt(111),*CH3CO → *CH3C + *O,250,277,277,1.88,2.28,1,11,2,-0.8774,3,-0.4484,-1.9576,-1.5092,100.0,0.44274299549337276,0
Co-Pt-Pt(111),*CH2CHO → *CH2CH + *O,250,277,277,1.88,2.28,1,12,2,-0.8774,3,-0.5013,-1.8331,-1.3318,100.0,0.46161025442092435,0
Co-Pt-Pt(111),*CH2CO → *CH2C + *O,250,277,277,1.88,2.28,1,14,2,-0.8774,2,-0.9131,-1.3763,-0.4632,100.0,0.7293606216364882,0
Pt-Co-Pt(111),*CH3CH2O → *CH3 + *CH2O,277,250,277,2.28,1.88,1,1,1,-0.2925,5,0.6948,1.1122,0.4174,100.0,2.4302940030164732,0
Pt-Co-Pt(111),*CH3CHO → *CH3 + *CHO,277,250,277,2.28,1.88,1,2,1,-0.2925,4,0.7269,1.0472,0.3203,100.0,2.3718962089248343,0
Pt-Co-Pt(111),*CH2CH2O → *CH2 + *CH2O,277,250,277,2.28,1.88,1,3,1,-0.2925,4,1.3793,2.0694,0.6901,100.0,3.0858570004893204,0
Pt-Co-Pt(111),*CH3CO → *CH3 + *CO,277,250,277,2.28,1.88,1,4,1,-0.2925,3,0.6845,0.6378,-0.0467,100.0,2.1494329354167006,0
Pt-Co-Pt(111),*CH2CHO → *CH2 + *CHO,277,250,277,2.28,1.88,1,5,1,-0.2925,3,1.2573,1.8949,0.6376,100.0,3.09950214168244,0
Pt-Co-Pt(111),*CHCH2O → *CH + *CH2O,277,250,277,2.28,1.88,1,6,1,-0.2925,3,2.2094,2.2733,0.0639,100.0,3.744403553904583,0
Pt-Co-Pt(111),*CH2CO → *CH2 + *CO,277,250,277,2.28,1.88,1,7,1,-0.2925,2,1.4752,1.5163,0.0411,100.0,3.0290831606643067,0
Pt-Co-Pt(111),*CH3CH2O → *CH3CH2 + *O,277,250,277,2.28,1.88,1,8,2,-0.2925,5,0.6948,1.1739,0.4791,100.0,2.4514430387896176,0
Pt-Co-Pt(111),*CH3CHO → *CH3CH + *O,277,250,277,2.28,1.88,1,9,2,-0.2925,4,0.7269,1.9662,1.2393,100.0,2.688141346981523,0
Pt-Co-Pt(111),*CH3CO → *CH3C + *O,277,250,277,2.28,1.88,1,11,2,-0.2925,3,0.6845,2.0885,1.4040000000000001,100.0,2.946931576106085,0
Pt-Co-Pt(111),*CH2CHO → *CH2CH + *O,277,250,277,2.28,1.88,1,12,2,-0.2925,3,1.2573,2.6572,1.3999,100.0,3.8054094712480735,0
Pt-Co-Pt(111),*CH2CO → *CH2C + *O,277,250,277,2.28,1.88,1,14,2,-0.2925,2,1.4752,2.8496,1.3744,100.0,4.01598716733136,0
Zn-Pt-Pt(111),*CH3CH2O → *CH3 + *CH2O,266,277,277,1.65,2.28,1,1,1,-0.2631,5,-0.5133,1.0314,1.5447,100.0,1.5776163736369728,0
Zn-Pt-Pt(111),*CH3CHO → *CH3 + *CHO,266,277,277,1.65,2.28,1,2,1,-0.2631,4,0.6184,1.9338,1.3154,100.0,2.0040358448764843,0
Zn-Pt-Pt(111),*CH2CH2O → *CH2 + *CH2O,266,277,277,1.65,2.28,1,3,1,-0.2631,4,1.3228,1.8882,0.5654,100.0,2.09686600697258,0
Zn-Pt-Pt(111),*CH3CO → *CH3 + *CO,266,277,277,1.65,2.28,1,4,1,-0.2631,3,1.1943,1.9964,0.8021,100.0,2.4126243587504295,0
Zn-Pt-Pt(111),*CH2CHO → *CH2 + *CHO,266,277,277,1.65,2.28,1,5,1,-0.2631,3,1.1153,2.7937,1.6784,100.0,2.7663208918410107,0
Zn-Pt-Pt(111),*CHCH2O → *CH + *CH2O,266,277,277,1.65,2.28,1,6,1,-0.2631,3,1.6171,2.5882,0.9711,100.0,2.683870230238626,0
Zn-Pt-Pt(111),*CH2CO → *CH2 + *CO,266,277,277,1.65,2.28,1,7,1,-0.2631,2,1.8847,2.9298,1.0451,100.0,2.8158455335090684,0
Zn-Pt-Pt(111),*CH3CH2O → *CH3CH2 + *O,266,277,277,1.65,2.28,1,8,2,-0.2631,5,-0.5133,0.0612,0.5745,100.0,1.4182135968002307,0
Zn-Pt-Pt(111),*CH3CHO → *CH3CH + *O,266,277,277,1.65,2.28,1,9,2,-0.2631,4,0.6184,1.1358,0.5174,100.0,1.6934581899663486,0
Zn-Pt-Pt(111),*CH3CO → *CH3C + *O,266,277,277,1.65,2.28,1,11,2,-0.2631,3,1.1943,1.8517,0.6574,100.0,2.347229864602323,0
Zn-Pt-Pt(111),*CH2CHO → *CH2CH + *O,266,277,277,1.65,2.28,1,12,2,-0.2631,3,1.1153,1.6739,0.5586,100.0,2.22972884329293,0
Zn-Pt-Pt(111),*CH2CO → *CH2C + *O,266,277,277,1.65,2.28,1,14,2,-0.2631,2,1.8847,2.2964,0.4117,100.0,2.706895475230408,0
Pt-Zn-Pt(111),*CH3CH2O → *CH3 + *CH2O,277,266,277,2.28,1.65,1,1,1,-0.1817,5,1.3155,1.9745,0.659,100.0,2.2942632175854674,0
Pt-Zn-Pt(111),*CH3CHO → *CH3 + *CHO,277,266,277,2.28,1.65,1,2,1,-0.1817,4,0.8444,2.2082,1.3638,100.0,2.3959349846907676,0
Pt-Zn-Pt(111),*CH2CH2O → *CH2 + *CH2O,277,266,277,2.28,1.65,1,3,1,-0.1817,4,2.559,2.9505,0.3915,100.0,2.8284155962916397,0
Pt-Zn-Pt(111),*CH3CO → *CH3 + *CO,277,266,277,2.28,1.65,1,4,1,-0.1817,3,1.361,1.9286,0.5676,100.0,2.5035727259346494,0
Pt-Zn-Pt(111),*CH2CHO → *CH2 + *CHO,277,266,277,2.28,1.65,1,5,1,-0.1817,3,1.9689,3.1842,1.2153,100.0,3.426213379067737,0
Pt-Zn-Pt(111),*CHCH2O → *CH + *CH2O,277,266,277,2.28,1.65,1,6,1,-0.1817,3,3.307,2.9671,-0.3399,100.0,3.260227720312149,0
Pt-Zn-Pt(111),*CH2CO → *CH2 + *CO,277,266,277,2.28,1.65,1,7,1,-0.1817,2,2.4606,2.9316,0.47100000000000003,100.0,3.4304043416728067,0
Pt-Zn-Pt(111),*CH3CH2O → *CH3CH2 + *O,277,266,277,2.28,1.65,1,8,2,-0.1817,5,1.3155,2.5333,1.2178,100.0,2.6693812983341685,0
Pt-Zn-Pt(111),*CH3CHO → *CH3CH + *O,277,266,277,2.28,1.65,1,9,2,-0.1817,4,0.8444,3.3314,2.487,100.0,2.994882137992706,0
Pt-Zn-Pt(111),*CH3CO → *CH3C + *O,277,266,277,2.28,1.65,1,11,2,-0.1817,3,1.361,3.2498,1.8888,100.0,3.3104579230137885,0
Pt-Zn-Pt(111),*CH2CHO → *CH2CH + *O,277,266,277,2.28,1.65,1,12,2,-0.1817,3,1.9689,4.3744,2.4055,100.0,4.088062089798649,0
Pt-Zn-Pt(111),*CH2CO → *CH2C + *O,277,266,277,2.28,1.65,1,14,2,-0.1817,2,2.4606,4.2767,1.8161,100.0,4.192132446108514,0
